UNIDAD;NEGOCIO;LINEA/PROCESO;Periodo Admon;FUENTE INFORMACIÓN;Suma de VALOR ANTES IVA
BIENESTAR Y DESARROLLO SOCIAL;ADMON BIENESTAR;ADMINISTRACIÓN BIENESTAR;2022/01;Ejecutado;395428296,7
BIENESTAR Y DESARROLLO SOCIAL;ADMON BIENESTAR;ADMINISTRACIÓN BIENESTAR;2022/02;Ejecutado;60556593,47
BIENESTAR Y DESARROLLO SOCIAL;ADMON BIENESTAR;ADMINISTRACIÓN BIENESTAR;2022/03;Ejecutado;66489379,64
BIENESTAR Y DESARROLLO SOCIAL;ADMON BIENESTAR;ADMINISTRACIÓN BIENESTAR;2022/04;Ejecutado;64953577,04
BIENESTAR Y DESARROLLO SOCIAL;ADMON BIENESTAR;ADMINISTRACIÓN BIENESTAR;2022/05;Ejecutado;91993838,41
BIENESTAR Y DESARROLLO SOCIAL;ADMON BIENESTAR;ADMINISTRACIÓN BIENESTAR;2022/06;Ejecutado;138069243,9
BIENESTAR Y DESARROLLO SOCIAL;ADMON BIENESTAR;ADMINISTRACIÓN BIENESTAR;2022/07;Ejecutado;139851097
BIENESTAR Y DESARROLLO SOCIAL;ADMON BIENESTAR;ADMINISTRACIÓN BIENESTAR;2022/08;Ejecutado;70669120,86
BIENESTAR Y DESARROLLO SOCIAL;ADMON BIENESTAR;ADMINISTRACIÓN BIENESTAR;2022/09;Ejecutado;130597437,9
BIENESTAR Y DESARROLLO SOCIAL;ADMON BIENESTAR;ADMINISTRACIÓN BIENESTAR;2022/10;Ejecutado;86244456,4
BIENESTAR Y DESARROLLO SOCIAL;ADMON BIENESTAR;ADMINISTRACIÓN BIENESTAR;2022/11;Ejecutado;52962810
BIENESTAR Y DESARROLLO SOCIAL;ADMON BIENESTAR;ADMINISTRACIÓN BIENESTAR;2022/12;Ejecutado;304246537
BIENESTAR Y DESARROLLO SOCIAL;ALIMENTOS;ADMINISTRACION;2022/01;Ejecutado;66569223,46
BIENESTAR Y DESARROLLO SOCIAL;ALIMENTOS;ADMINISTRACION;2022/02;Ejecutado;84835738,09
BIENESTAR Y DESARROLLO SOCIAL;ALIMENTOS;ADMINISTRACION;2022/03;Ejecutado;84770336,54
BIENESTAR Y DESARROLLO SOCIAL;ALIMENTOS;ADMINISTRACION;2022/04;Ejecutado;73414177,37
BIENESTAR Y DESARROLLO SOCIAL;ALIMENTOS;ADMINISTRACION;2022/05;Ejecutado;93271643,13
BIENESTAR Y DESARROLLO SOCIAL;ALIMENTOS;ADMINISTRACION;2022/06;Ejecutado;104495384,2
BIENESTAR Y DESARROLLO SOCIAL;ALIMENTOS;ADMINISTRACION;2022/07;Ejecutado;79088062,61
BIENESTAR Y DESARROLLO SOCIAL;ALIMENTOS;ADMINISTRACION;2022/08;Ejecutado;72485760,43
BIENESTAR Y DESARROLLO SOCIAL;ALIMENTOS;ADMINISTRACION;2022/09;Ejecutado;97106610,4
BIENESTAR Y DESARROLLO SOCIAL;ALIMENTOS;ADMINISTRACION;2022/10;Ejecutado;62482085,98
BIENESTAR Y DESARROLLO SOCIAL;ALIMENTOS;ADMINISTRACION;2022/11;Ejecutado;57354727
BIENESTAR Y DESARROLLO SOCIAL;ALIMENTOS;ADMINISTRACION;2022/12;Ejecutado;131973619
BIENESTAR Y DESARROLLO SOCIAL;ALIMENTOS;ALI EMPRESARIAL;2022/01;Ejecutado;4246234,246
BIENESTAR Y DESARROLLO SOCIAL;ALIMENTOS;ALI EMPRESARIAL;2022/02;Ejecutado;4258177,841
BIENESTAR Y DESARROLLO SOCIAL;ALIMENTOS;ALI EMPRESARIAL;2022/03;Ejecutado;4100916,518
BIENESTAR Y DESARROLLO SOCIAL;ALIMENTOS;ALI EMPRESARIAL;2022/04;Ejecutado;3632507,353
BIENESTAR Y DESARROLLO SOCIAL;ALIMENTOS;ALI EMPRESARIAL;2022/05;Ejecutado;4564486,729
BIENESTAR Y DESARROLLO SOCIAL;ALIMENTOS;ALI EMPRESARIAL;2022/06;Ejecutado;5407407,709
BIENESTAR Y DESARROLLO SOCIAL;ALIMENTOS;ALI EMPRESARIAL;2022/07;Ejecutado;3246760,337
BIENESTAR Y DESARROLLO SOCIAL;ALIMENTOS;ALI EMPRESARIAL;2022/08;Ejecutado;3386002,939
BIENESTAR Y DESARROLLO SOCIAL;ALIMENTOS;ALI EMPRESARIAL;2022/09;Ejecutado;5043373,216
BIENESTAR Y DESARROLLO SOCIAL;ALIMENTOS;ALI EMPRESARIAL;2022/10;Ejecutado;3808850,019
BIENESTAR Y DESARROLLO SOCIAL;ALIMENTOS;ALI EMPRESARIAL;2022/11;Ejecutado;3616874
BIENESTAR Y DESARROLLO SOCIAL;ALIMENTOS;ALI EMPRESARIAL;2022/12;Ejecutado;8488206
BIENESTAR Y DESARROLLO SOCIAL;ALIMENTOS;ALI INDIVIDUAL;2022/01;Ejecutado;5997978,621
BIENESTAR Y DESARROLLO SOCIAL;ALIMENTOS;ALI INDIVIDUAL;2022/02;Ejecutado;5298026,11
BIENESTAR Y DESARROLLO SOCIAL;ALIMENTOS;ALI INDIVIDUAL;2022/03;Ejecutado;8044220,204
BIENESTAR Y DESARROLLO SOCIAL;ALIMENTOS;ALI INDIVIDUAL;2022/04;Ejecutado;4528435,638
BIENESTAR Y DESARROLLO SOCIAL;ALIMENTOS;ALI INDIVIDUAL;2022/05;Ejecutado;4760092,615
BIENESTAR Y DESARROLLO SOCIAL;ALIMENTOS;ALI INDIVIDUAL;2022/06;Ejecutado;5195194,598
BIENESTAR Y DESARROLLO SOCIAL;ALIMENTOS;ALI INDIVIDUAL;2022/07;Ejecutado;4674699,072
BIENESTAR Y DESARROLLO SOCIAL;ALIMENTOS;ALI INDIVIDUAL;2022/08;Ejecutado;13104693,52
BIENESTAR Y DESARROLLO SOCIAL;ALIMENTOS;ALI INDIVIDUAL;2022/09;Ejecutado;6067460,389
BIENESTAR Y DESARROLLO SOCIAL;ALIMENTOS;ALI INDIVIDUAL;2022/10;Ejecutado;5589882,247
BIENESTAR Y DESARROLLO SOCIAL;ALIMENTOS;ALI INDIVIDUAL;2022/11;Ejecutado;5765535
BIENESTAR Y DESARROLLO SOCIAL;ALIMENTOS;ALI INDIVIDUAL;2022/12;Ejecutado;17910038
BIENESTAR Y DESARROLLO SOCIAL;ALIMENTOS;CONVENIOS ESTRATEGICOS ALIMENTOS;2022/02;Ejecutado;118981
BIENESTAR Y DESARROLLO SOCIAL;ALIMENTOS;CONVENIOS ESTRATEGICOS ALIMENTOS;2022/03;Ejecutado;215206,9626
BIENESTAR Y DESARROLLO SOCIAL;ALIMENTOS;CONVENIOS ESTRATEGICOS ALIMENTOS;2022/04;Ejecutado;158069,0676
BIENESTAR Y DESARROLLO SOCIAL;ALIMENTOS;CONVENIOS ESTRATEGICOS ALIMENTOS;2022/05;Ejecutado;269194,2524
BIENESTAR Y DESARROLLO SOCIAL;ALIMENTOS;CONVENIOS ESTRATEGICOS ALIMENTOS;2022/06;Ejecutado;125767,6079
BIENESTAR Y DESARROLLO SOCIAL;ALIMENTOS;CONVENIOS ESTRATEGICOS ALIMENTOS;2022/07;Ejecutado;-36,75623557
BIENESTAR Y DESARROLLO SOCIAL;ALIMENTOS;CONVENIOS ESTRATEGICOS ALIMENTOS;2022/08;Ejecutado;152355
BIENESTAR Y DESARROLLO SOCIAL;ALIMENTOS;CONVENIOS ESTRATEGICOS ALIMENTOS;2022/09;Ejecutado;176146,7952
BIENESTAR Y DESARROLLO SOCIAL;ALIMENTOS;CONVENIOS ESTRATEGICOS ALIMENTOS;2022/10;Ejecutado;172304,2601
BIENESTAR Y DESARROLLO SOCIAL;ALIMENTOS;CONVENIOS ESTRATEGICOS ALIMENTOS;2022/11;Ejecutado;141159
BIENESTAR Y DESARROLLO SOCIAL;ALIMENTOS;CONVENIOS ESTRATEGICOS ALIMENTOS;2022/12;Ejecutado;164036
BIENESTAR Y DESARROLLO SOCIAL;ALIMENTOS;JARDINES;2022/01;Ejecutado;10715563,67
BIENESTAR Y DESARROLLO SOCIAL;ALIMENTOS;JARDINES;2022/02;Ejecutado;18291187,63
BIENESTAR Y DESARROLLO SOCIAL;ALIMENTOS;JARDINES;2022/03;Ejecutado;8410807,769
BIENESTAR Y DESARROLLO SOCIAL;ALIMENTOS;JARDINES;2022/04;Ejecutado;8102126,738
BIENESTAR Y DESARROLLO SOCIAL;ALIMENTOS;JARDINES;2022/05;Ejecutado;12608407,79
BIENESTAR Y DESARROLLO SOCIAL;ALIMENTOS;JARDINES;2022/06;Ejecutado;18258515,5
BIENESTAR Y DESARROLLO SOCIAL;ALIMENTOS;JARDINES;2022/07;Ejecutado;264012564,1
BIENESTAR Y DESARROLLO SOCIAL;ALIMENTOS;JARDINES;2022/08;Ejecutado;19655123,22
BIENESTAR Y DESARROLLO SOCIAL;ALIMENTOS;JARDINES;2022/09;Ejecutado;6012946,887
BIENESTAR Y DESARROLLO SOCIAL;ALIMENTOS;JARDINES;2022/10;Ejecutado;20844747,16
BIENESTAR Y DESARROLLO SOCIAL;ALIMENTOS;JARDINES;2022/11;Ejecutado;22867138
BIENESTAR Y DESARROLLO SOCIAL;ALIMENTOS;JARDINES;2022/12;Ejecutado;24164778
BIENESTAR Y DESARROLLO SOCIAL;ALIMENTOS;PRODUCCION;2022/01;Ejecutado;1053552,768
BIENESTAR Y DESARROLLO SOCIAL;ALIMENTOS;PRODUCCION;2022/02;Ejecutado;1028261,684
BIENESTAR Y DESARROLLO SOCIAL;ALIMENTOS;PRODUCCION;2022/03;Ejecutado;1997201,804
BIENESTAR Y DESARROLLO SOCIAL;ALIMENTOS;PRODUCCION;2022/04;Ejecutado;950164,7128
BIENESTAR Y DESARROLLO SOCIAL;ALIMENTOS;PRODUCCION;2022/05;Ejecutado;1491324,508
BIENESTAR Y DESARROLLO SOCIAL;ALIMENTOS;PRODUCCION;2022/06;Ejecutado;1360009,272
BIENESTAR Y DESARROLLO SOCIAL;ALIMENTOS;PRODUCCION;2022/07;Ejecutado;931715,3131
BIENESTAR Y DESARROLLO SOCIAL;ALIMENTOS;PRODUCCION;2022/08;Ejecutado;2948994,577
BIENESTAR Y DESARROLLO SOCIAL;ALIMENTOS;PRODUCCION;2022/09;Ejecutado;1392179,33
BIENESTAR Y DESARROLLO SOCIAL;ALIMENTOS;PRODUCCION;2022/10;Ejecutado;1353685,503
BIENESTAR Y DESARROLLO SOCIAL;ALIMENTOS;PRODUCCION;2022/11;Ejecutado;1376153
BIENESTAR Y DESARROLLO SOCIAL;ALIMENTOS;PRODUCCION;2022/12;Ejecutado;3220882
BIENESTAR Y DESARROLLO SOCIAL;ALOJAMIENTO;ATENCION ESPECIALIZADA ADULTO MAYOR;2022/01;Ejecutado;9269904,183
BIENESTAR Y DESARROLLO SOCIAL;ALOJAMIENTO;ATENCION ESPECIALIZADA ADULTO MAYOR;2022/02;Ejecutado;7171224,276
BIENESTAR Y DESARROLLO SOCIAL;ALOJAMIENTO;ATENCION ESPECIALIZADA ADULTO MAYOR;2022/03;Ejecutado;8056025,594
BIENESTAR Y DESARROLLO SOCIAL;ALOJAMIENTO;ATENCION ESPECIALIZADA ADULTO MAYOR;2022/04;Ejecutado;6380231,612
BIENESTAR Y DESARROLLO SOCIAL;ALOJAMIENTO;ATENCION ESPECIALIZADA ADULTO MAYOR;2022/05;Ejecutado;9620281,27
BIENESTAR Y DESARROLLO SOCIAL;ALOJAMIENTO;ATENCION ESPECIALIZADA ADULTO MAYOR;2022/06;Ejecutado;5461277,473
BIENESTAR Y DESARROLLO SOCIAL;ALOJAMIENTO;ATENCION ESPECIALIZADA ADULTO MAYOR;2022/07;Ejecutado;1944875,077
BIENESTAR Y DESARROLLO SOCIAL;ALOJAMIENTO;ATENCION ESPECIALIZADA ADULTO MAYOR;2022/08;Ejecutado;129558,5598
BIENESTAR Y DESARROLLO SOCIAL;ALOJAMIENTO;ATENCION ESPECIALIZADA ADULTO MAYOR;2022/09;Ejecutado;118449,3701
BIENESTAR Y DESARROLLO SOCIAL;ALOJAMIENTO;ATENCION ESPECIALIZADA ADULTO MAYOR;2022/10;Ejecutado;233767,4491
BIENESTAR Y DESARROLLO SOCIAL;ALOJAMIENTO;ATENCION ESPECIALIZADA ADULTO MAYOR;2022/11;Ejecutado;162203
BIENESTAR Y DESARROLLO SOCIAL;ALOJAMIENTO;ATENCION ESPECIALIZADA ADULTO MAYOR;2022/12;Ejecutado;376614
BIENESTAR Y DESARROLLO SOCIAL;ALOJAMIENTO;CONVENIOS ESTRATEGICOS HOTELES;2022/01;Ejecutado;20194527,28
BIENESTAR Y DESARROLLO SOCIAL;ALOJAMIENTO;CONVENIOS ESTRATEGICOS HOTELES;2022/02;Ejecutado;13606289,28
BIENESTAR Y DESARROLLO SOCIAL;ALOJAMIENTO;CONVENIOS ESTRATEGICOS HOTELES;2022/03;Ejecutado;32022034,26
BIENESTAR Y DESARROLLO SOCIAL;ALOJAMIENTO;CONVENIOS ESTRATEGICOS HOTELES;2022/04;Ejecutado;20733522,9
BIENESTAR Y DESARROLLO SOCIAL;ALOJAMIENTO;CONVENIOS ESTRATEGICOS HOTELES;2022/05;Ejecutado;19845059,45
BIENESTAR Y DESARROLLO SOCIAL;ALOJAMIENTO;CONVENIOS ESTRATEGICOS HOTELES;2022/06;Ejecutado;3983686,091
BIENESTAR Y DESARROLLO SOCIAL;ALOJAMIENTO;CONVENIOS ESTRATEGICOS HOTELES;2022/07;Ejecutado;21023887,9
BIENESTAR Y DESARROLLO SOCIAL;ALOJAMIENTO;CONVENIOS ESTRATEGICOS HOTELES;2022/08;Ejecutado;23448452,12
BIENESTAR Y DESARROLLO SOCIAL;ALOJAMIENTO;CONVENIOS ESTRATEGICOS HOTELES;2022/09;Ejecutado;20991495,68
BIENESTAR Y DESARROLLO SOCIAL;ALOJAMIENTO;CONVENIOS ESTRATEGICOS HOTELES;2022/10;Ejecutado;24002933,08
BIENESTAR Y DESARROLLO SOCIAL;ALOJAMIENTO;CONVENIOS ESTRATEGICOS HOTELES;2022/11;Ejecutado;19911529
BIENESTAR Y DESARROLLO SOCIAL;ALOJAMIENTO;CONVENIOS ESTRATEGICOS HOTELES;2022/12;Ejecutado;24559760
BIENESTAR Y DESARROLLO SOCIAL;ALOJAMIENTO;HOTELES;2022/01;Ejecutado;152131112,5
BIENESTAR Y DESARROLLO SOCIAL;ALOJAMIENTO;HOTELES;2022/02;Ejecutado;136105874
BIENESTAR Y DESARROLLO SOCIAL;ALOJAMIENTO;HOTELES;2022/03;Ejecutado;217123108,4
BIENESTAR Y DESARROLLO SOCIAL;ALOJAMIENTO;HOTELES;2022/04;Ejecutado;141376766,7
BIENESTAR Y DESARROLLO SOCIAL;ALOJAMIENTO;HOTELES;2022/05;Ejecutado;145918545,7
BIENESTAR Y DESARROLLO SOCIAL;ALOJAMIENTO;HOTELES;2022/06;Ejecutado;133238428,6
BIENESTAR Y DESARROLLO SOCIAL;ALOJAMIENTO;HOTELES;2022/07;Ejecutado;130213020,4
BIENESTAR Y DESARROLLO SOCIAL;ALOJAMIENTO;HOTELES;2022/08;Ejecutado;156249301,5
BIENESTAR Y DESARROLLO SOCIAL;ALOJAMIENTO;HOTELES;2022/09;Ejecutado;242468058,2
BIENESTAR Y DESARROLLO SOCIAL;ALOJAMIENTO;HOTELES;2022/10;Ejecutado;110615270,8
BIENESTAR Y DESARROLLO SOCIAL;ALOJAMIENTO;HOTELES;2022/11;Ejecutado;114685886
BIENESTAR Y DESARROLLO SOCIAL;ALOJAMIENTO;HOTELES;2022/12;Ejecutado;478186395
BIENESTAR Y DESARROLLO SOCIAL;CONTRATO PRESTACION SERVICIOS;AGENCIA DE EMPLEO;2022/01;Ejecutado;11127022,77
BIENESTAR Y DESARROLLO SOCIAL;CONTRATO PRESTACION SERVICIOS;AGENCIA DE EMPLEO;2022/02;Ejecutado;3824480,172
BIENESTAR Y DESARROLLO SOCIAL;CONTRATO PRESTACION SERVICIOS;AGENCIA DE EMPLEO;2022/03;Ejecutado;-82883,54579
BIENESTAR Y DESARROLLO SOCIAL;CONTRATO PRESTACION SERVICIOS;AGENCIA DE EMPLEO;2022/04;Ejecutado;67038,50471
BIENESTAR Y DESARROLLO SOCIAL;CONVENIOS;CONVENIO COMEDORES;2022/01;Ejecutado;3546978,284
BIENESTAR Y DESARROLLO SOCIAL;CONVENIOS;CONVENIO COMEDORES;2022/02;Ejecutado;3527387,968
BIENESTAR Y DESARROLLO SOCIAL;CONVENIOS;CONVENIO COMEDORES;2022/03;Ejecutado;3129530,366
BIENESTAR Y DESARROLLO SOCIAL;CONVENIOS;CONVENIO COMEDORES;2022/04;Ejecutado;28592053,63
BIENESTAR Y DESARROLLO SOCIAL;CONVENIOS;CONVENIO COMEDORES;2022/05;Ejecutado;2735936,333
BIENESTAR Y DESARROLLO SOCIAL;CONVENIOS;CONVENIO COMEDORES;2022/06;Ejecutado;3308807,044
BIENESTAR Y DESARROLLO SOCIAL;CONVENIOS;CONVENIO COMEDORES;2022/07;Ejecutado;4827288,075
BIENESTAR Y DESARROLLO SOCIAL;CONVENIOS;CONVENIO COMEDORES;2022/08;Ejecutado;7408251,944
BIENESTAR Y DESARROLLO SOCIAL;CONVENIOS;CONVENIO COMEDORES;2022/09;Ejecutado;6218167,627
BIENESTAR Y DESARROLLO SOCIAL;CONVENIOS;CONVENIO COMEDORES;2022/10;Ejecutado;5420823,941
BIENESTAR Y DESARROLLO SOCIAL;CONVENIOS;CONVENIO COMEDORES;2022/11;Ejecutado;24574445
BIENESTAR Y DESARROLLO SOCIAL;CONVENIOS;CONVENIO COMEDORES;2022/12;Ejecutado;28283531
BIENESTAR Y DESARROLLO SOCIAL;CONVENIOS;CONVENIOS;2022/01;Ejecutado;3395556,836
BIENESTAR Y DESARROLLO SOCIAL;CONVENIOS;CONVENIOS;2022/02;Ejecutado;3615483,156
BIENESTAR Y DESARROLLO SOCIAL;CONVENIOS;CONVENIOS;2022/03;Ejecutado;3728477,254
BIENESTAR Y DESARROLLO SOCIAL;CONVENIOS;CONVENIOS;2022/04;Ejecutado;2553110,377
BIENESTAR Y DESARROLLO SOCIAL;CONVENIOS;CONVENIOS;2022/05;Ejecutado;1151342,405
BIENESTAR Y DESARROLLO SOCIAL;CONVENIOS;CONVENIOS;2022/06;Ejecutado;1948150,79
BIENESTAR Y DESARROLLO SOCIAL;CONVENIOS;CONVENIOS;2022/07;Ejecutado;2028238,531
BIENESTAR Y DESARROLLO SOCIAL;CONVENIOS;CONVENIOS;2022/08;Ejecutado;2103467,881
BIENESTAR Y DESARROLLO SOCIAL;CONVENIOS;CONVENIOS;2022/09;Ejecutado;2453722,329
BIENESTAR Y DESARROLLO SOCIAL;CONVENIOS;CONVENIOS;2022/10;Ejecutado;2671783,975
BIENESTAR Y DESARROLLO SOCIAL;CONVENIOS;CONVENIOS;2022/11;Ejecutado;16704085
BIENESTAR Y DESARROLLO SOCIAL;CONVENIOS;CONVENIOS;2022/12;Ejecutado;12456074
BIENESTAR Y DESARROLLO SOCIAL;EVENTOS;ADMINISTRACION EVENTOS;2022/01;Ejecutado;67774133,13
BIENESTAR Y DESARROLLO SOCIAL;EVENTOS;ADMINISTRACION EVENTOS;2022/02;Ejecutado;82508474,34
BIENESTAR Y DESARROLLO SOCIAL;EVENTOS;ADMINISTRACION EVENTOS;2022/03;Ejecutado;78147729,36
BIENESTAR Y DESARROLLO SOCIAL;EVENTOS;ADMINISTRACION EVENTOS;2022/04;Ejecutado;58155025,87
BIENESTAR Y DESARROLLO SOCIAL;EVENTOS;ADMINISTRACION EVENTOS;2022/05;Ejecutado;78136882,07
BIENESTAR Y DESARROLLO SOCIAL;EVENTOS;ADMINISTRACION EVENTOS;2022/06;Ejecutado;90213740,46
BIENESTAR Y DESARROLLO SOCIAL;EVENTOS;ADMINISTRACION EVENTOS;2022/07;Ejecutado;405340947,6
BIENESTAR Y DESARROLLO SOCIAL;EVENTOS;ADMINISTRACION EVENTOS;2022/08;Ejecutado;94396380,17
BIENESTAR Y DESARROLLO SOCIAL;EVENTOS;ADMINISTRACION EVENTOS;2022/09;Ejecutado;123200761,5
BIENESTAR Y DESARROLLO SOCIAL;EVENTOS;ADMINISTRACION EVENTOS;2022/10;Ejecutado;80093757,99
BIENESTAR Y DESARROLLO SOCIAL;EVENTOS;ADMINISTRACION EVENTOS;2022/11;Ejecutado;80045535
BIENESTAR Y DESARROLLO SOCIAL;EVENTOS;ADMINISTRACION EVENTOS;2022/12;Ejecutado;149417529
BIENESTAR Y DESARROLLO SOCIAL;EVENTOS;OPERACIÓN EVENTOS COMPENSAR (ANTES CLIENTE EXTERNO);2022/01;Ejecutado;56296,74154
BIENESTAR Y DESARROLLO SOCIAL;EVENTOS;OPERACIÓN EVENTOS COMPENSAR (ANTES CLIENTE EXTERNO);2022/02;Ejecutado;67639,36347
BIENESTAR Y DESARROLLO SOCIAL;EVENTOS;OPERACIÓN EVENTOS COMPENSAR (ANTES CLIENTE EXTERNO);2022/03;Ejecutado;137947,1922
BIENESTAR Y DESARROLLO SOCIAL;EVENTOS;OPERACIÓN EVENTOS COMPENSAR (ANTES CLIENTE EXTERNO);2022/04;Ejecutado;886545,7711
BIENESTAR Y DESARROLLO SOCIAL;EVENTOS;OPERACIÓN EVENTOS COMPENSAR (ANTES CLIENTE EXTERNO);2022/05;Ejecutado;403825,2167
BIENESTAR Y DESARROLLO SOCIAL;EVENTOS;OPERACIÓN EVENTOS COMPENSAR (ANTES CLIENTE EXTERNO);2022/06;Ejecutado;50766,01673
BIENESTAR Y DESARROLLO SOCIAL;EVENTOS;OPERACIÓN EVENTOS COMPENSAR (ANTES CLIENTE EXTERNO);2022/07;Ejecutado;140107,7252
BIENESTAR Y DESARROLLO SOCIAL;EVENTOS;OPERACIÓN EVENTOS COMPENSAR (ANTES CLIENTE EXTERNO);2022/08;Ejecutado;91477,19806
BIENESTAR Y DESARROLLO SOCIAL;EVENTOS;OPERACIÓN EVENTOS COMPENSAR (ANTES CLIENTE EXTERNO);2022/09;Ejecutado;238217,6528
BIENESTAR Y DESARROLLO SOCIAL;EVENTOS;OPERACIÓN EVENTOS COMPENSAR (ANTES CLIENTE EXTERNO);2022/10;Ejecutado;114254,6024
BIENESTAR Y DESARROLLO SOCIAL;EVENTOS;OPERACIÓN EVENTOS COMPENSAR (ANTES CLIENTE EXTERNO);2022/11;Ejecutado;323247
BIENESTAR Y DESARROLLO SOCIAL;EVENTOS;OPERACIÓN EVENTOS COMPENSAR (ANTES CLIENTE EXTERNO);2022/12;Ejecutado;625580
BIENESTAR Y DESARROLLO SOCIAL;EVENTOS;OPERACIÓN EVENTOS CON TERCEROS;2022/01;Ejecutado;12567,04417
BIENESTAR Y DESARROLLO SOCIAL;EVENTOS;OPERACIÓN EVENTOS CON TERCEROS;2022/02;Ejecutado;3129,949487
BIENESTAR Y DESARROLLO SOCIAL;EVENTOS;OPERACIÓN EVENTOS CON TERCEROS;2022/03;Ejecutado;26452,85464
BIENESTAR Y DESARROLLO SOCIAL;EVENTOS;OPERACIÓN EVENTOS CON TERCEROS;2022/04;Ejecutado;11629,32636
BIENESTAR Y DESARROLLO SOCIAL;EVENTOS;OPERACIÓN EVENTOS CON TERCEROS;2022/05;Ejecutado;12493,65523
BIENESTAR Y DESARROLLO SOCIAL;EVENTOS;OPERACIÓN EVENTOS CON TERCEROS;2022/06;Ejecutado;9269,769756
BIENESTAR Y DESARROLLO SOCIAL;EVENTOS;OPERACIÓN EVENTOS CON TERCEROS;2022/07;Ejecutado;17894,94924
BIENESTAR Y DESARROLLO SOCIAL;EVENTOS;OPERACIÓN EVENTOS CON TERCEROS;2022/08;Ejecutado;13150,04612
BIENESTAR Y DESARROLLO SOCIAL;EVENTOS;OPERACIÓN EVENTOS CON TERCEROS;2022/09;Ejecutado;27328,33745
BIENESTAR Y DESARROLLO SOCIAL;EVENTOS;OPERACIÓN EVENTOS CON TERCEROS;2022/10;Ejecutado;14795,53878
BIENESTAR Y DESARROLLO SOCIAL;EVENTOS;OPERACIÓN EVENTOS CON TERCEROS;2022/11;Ejecutado;33875
BIENESTAR Y DESARROLLO SOCIAL;EVENTOS;OPERACIÓN EVENTOS CON TERCEROS;2022/12;Ejecutado;80344
BIENESTAR Y DESARROLLO SOCIAL;EVENTOS;OPERACION EVENTOS CON TERCEROS NACIONAL;2022/01;Ejecutado;5430,8057
BIENESTAR Y DESARROLLO SOCIAL;EVENTOS;OPERACION EVENTOS CON TERCEROS NACIONAL;2022/02;Ejecutado;10000,71371
BIENESTAR Y DESARROLLO SOCIAL;EVENTOS;OPERACION EVENTOS CON TERCEROS NACIONAL;2022/03;Ejecutado;5818,00869
BIENESTAR Y DESARROLLO SOCIAL;EVENTOS;OPERACION EVENTOS CON TERCEROS NACIONAL;2022/04;Ejecutado;5715,002108
BIENESTAR Y DESARROLLO SOCIAL;EVENTOS;OPERACION EVENTOS CON TERCEROS NACIONAL;2022/05;Ejecutado;5295,731029
BIENESTAR Y DESARROLLO SOCIAL;EVENTOS;OPERACION EVENTOS CON TERCEROS NACIONAL;2022/06;Ejecutado;5495,776954
BIENESTAR Y DESARROLLO SOCIAL;EVENTOS;OPERACION EVENTOS CON TERCEROS NACIONAL;2022/07;Ejecutado;5911,776954
BIENESTAR Y DESARROLLO SOCIAL;EVENTOS;OPERACION EVENTOS CON TERCEROS NACIONAL;2022/08;Ejecutado;5682,77175
BIENESTAR Y DESARROLLO SOCIAL;EVENTOS;OPERACION EVENTOS CON TERCEROS NACIONAL;2022/09;Ejecutado;5683,185759
BIENESTAR Y DESARROLLO SOCIAL;EVENTOS;OPERACION EVENTOS CON TERCEROS NACIONAL;2022/10;Ejecutado;5497,185759
BIENESTAR Y DESARROLLO SOCIAL;EVENTOS;OPERACION EVENTOS CON TERCEROS NACIONAL;2022/11;Ejecutado;5496
BIENESTAR Y DESARROLLO SOCIAL;EVENTOS;OPERACION EVENTOS CON TERCEROS NACIONAL;2022/12;Ejecutado;74740
BIENESTAR Y DESARROLLO SOCIAL;FONDOS DE LEY;EDUCACION LEY 115;2022/01;Ejecutado;14791645,9
BIENESTAR Y DESARROLLO SOCIAL;FONDOS DE LEY;EDUCACION LEY 115;2022/02;Ejecutado;12689199,82
BIENESTAR Y DESARROLLO SOCIAL;FONDOS DE LEY;EDUCACION LEY 115;2022/03;Ejecutado;13179546,07
BIENESTAR Y DESARROLLO SOCIAL;FONDOS DE LEY;EDUCACION LEY 115;2022/04;Ejecutado;18455786,94
BIENESTAR Y DESARROLLO SOCIAL;FONDOS DE LEY;EDUCACION LEY 115;2022/05;Ejecutado;16006545,57
BIENESTAR Y DESARROLLO SOCIAL;FONDOS DE LEY;EDUCACION LEY 115;2022/06;Ejecutado;15460800,02
BIENESTAR Y DESARROLLO SOCIAL;FONDOS DE LEY;EDUCACION LEY 115;2022/07;Ejecutado;12606936,16
BIENESTAR Y DESARROLLO SOCIAL;FONDOS DE LEY;EDUCACION LEY 115;2022/08;Ejecutado;12052470,23
BIENESTAR Y DESARROLLO SOCIAL;FONDOS DE LEY;EDUCACION LEY 115;2022/09;Ejecutado;11423359,41
BIENESTAR Y DESARROLLO SOCIAL;FONDOS DE LEY;EDUCACION LEY 115;2022/10;Ejecutado;11180296,91
BIENESTAR Y DESARROLLO SOCIAL;FONDOS DE LEY;EDUCACION LEY 115;2022/11;Ejecutado;10322708
BIENESTAR Y DESARROLLO SOCIAL;FONDOS DE LEY;EDUCACION LEY 115;2022/12;Ejecutado;14836441
BIENESTAR Y DESARROLLO SOCIAL;FONDOS DE LEY;EXCEDENTES DEL 55;2022/01;Ejecutado;903948,0314
BIENESTAR Y DESARROLLO SOCIAL;FONDOS DE LEY;EXCEDENTES DEL 55;2022/02;Ejecutado;388511,6575
BIENESTAR Y DESARROLLO SOCIAL;FONDOS DE LEY;EXCEDENTES DEL 55;2022/03;Ejecutado;403917,9888
BIENESTAR Y DESARROLLO SOCIAL;FONDOS DE LEY;EXCEDENTES DEL 55;2022/04;Ejecutado;575615,4413
BIENESTAR Y DESARROLLO SOCIAL;FONDOS DE LEY;EXCEDENTES DEL 55;2022/05;Ejecutado;1002597,394
BIENESTAR Y DESARROLLO SOCIAL;FONDOS DE LEY;EXCEDENTES DEL 55;2022/06;Ejecutado;1047800,842
BIENESTAR Y DESARROLLO SOCIAL;FONDOS DE LEY;EXCEDENTES DEL 55;2022/07;Ejecutado;772336,7563
BIENESTAR Y DESARROLLO SOCIAL;FONDOS DE LEY;EXCEDENTES DEL 55;2022/08;Ejecutado;846448,4777
BIENESTAR Y DESARROLLO SOCIAL;FONDOS DE LEY;EXCEDENTES DEL 55;2022/09;Ejecutado;901349,853
BIENESTAR Y DESARROLLO SOCIAL;FONDOS DE LEY;EXCEDENTES DEL 55;2022/10;Ejecutado;636968,9932
BIENESTAR Y DESARROLLO SOCIAL;FONDOS DE LEY;EXCEDENTES DEL 55;2022/11;Ejecutado;582227
BIENESTAR Y DESARROLLO SOCIAL;FONDOS DE LEY;EXCEDENTES DEL 55;2022/12;Ejecutado;977640
BIENESTAR Y DESARROLLO SOCIAL;FONDOS DE LEY;FONIÑEZ;2022/01;Ejecutado;48944063,21
BIENESTAR Y DESARROLLO SOCIAL;FONDOS DE LEY;FONIÑEZ;2022/02;Ejecutado;41117808,23
BIENESTAR Y DESARROLLO SOCIAL;FONDOS DE LEY;FONIÑEZ;2022/03;Ejecutado;48068980,56
BIENESTAR Y DESARROLLO SOCIAL;FONDOS DE LEY;FONIÑEZ;2022/04;Ejecutado;59921611,06
BIENESTAR Y DESARROLLO SOCIAL;FONDOS DE LEY;FONIÑEZ;2022/05;Ejecutado;30660201,52
BIENESTAR Y DESARROLLO SOCIAL;FONDOS DE LEY;FONIÑEZ;2022/06;Ejecutado;37244718,84
BIENESTAR Y DESARROLLO SOCIAL;FONDOS DE LEY;FONIÑEZ;2022/07;Ejecutado;44233614,64
BIENESTAR Y DESARROLLO SOCIAL;FONDOS DE LEY;FONIÑEZ;2022/08;Ejecutado;37240374,71
BIENESTAR Y DESARROLLO SOCIAL;FONDOS DE LEY;FONIÑEZ;2022/09;Ejecutado;84962138,18
BIENESTAR Y DESARROLLO SOCIAL;FONDOS DE LEY;FONIÑEZ;2022/10;Ejecutado;20913376,91
BIENESTAR Y DESARROLLO SOCIAL;FONDOS DE LEY;FONIÑEZ;2022/11;Ejecutado;52665950
BIENESTAR Y DESARROLLO SOCIAL;FONDOS DE LEY;FONIÑEZ;2022/12;Ejecutado;66655028
BIENESTAR Y DESARROLLO SOCIAL;FONDOS DE LEY;FOSFEC;2022/01;Ejecutado;201580563,9
BIENESTAR Y DESARROLLO SOCIAL;FONDOS DE LEY;FOSFEC;2022/02;Ejecutado;155613400
BIENESTAR Y DESARROLLO SOCIAL;FONDOS DE LEY;FOSFEC;2022/03;Ejecutado;126359367,9
BIENESTAR Y DESARROLLO SOCIAL;FONDOS DE LEY;FOSFEC;2022/04;Ejecutado;129989430,9
BIENESTAR Y DESARROLLO SOCIAL;FONDOS DE LEY;FOSFEC;2022/05;Ejecutado;171490908,7
BIENESTAR Y DESARROLLO SOCIAL;FONDOS DE LEY;FOSFEC;2022/06;Ejecutado;243010154,2
BIENESTAR Y DESARROLLO SOCIAL;FONDOS DE LEY;FOSFEC;2022/07;Ejecutado;169661513,7
BIENESTAR Y DESARROLLO SOCIAL;FONDOS DE LEY;FOSFEC;2022/08;Ejecutado;150868113,5
BIENESTAR Y DESARROLLO SOCIAL;FONDOS DE LEY;FOSFEC;2022/09;Ejecutado;225855826,7
BIENESTAR Y DESARROLLO SOCIAL;FONDOS DE LEY;FOSFEC;2022/10;Ejecutado;129549145,9
BIENESTAR Y DESARROLLO SOCIAL;FONDOS DE LEY;FOSFEC;2022/11;Ejecutado;191445211
BIENESTAR Y DESARROLLO SOCIAL;FONDOS DE LEY;FOSFEC;2022/12;Ejecutado;275286363
BIENESTAR Y DESARROLLO SOCIAL;FONDOS DE LEY;FOVIS;2022/03;Ejecutado;197
BIENESTAR Y DESARROLLO SOCIAL;FONDOS DE LEY;FOVIS;2022/04;Ejecutado;-3,809072069
BIENESTAR Y DESARROLLO SOCIAL;FONDOS DE LEY;FOVIS;2022/07;Ejecutado;259
BIENESTAR Y DESARROLLO SOCIAL;FONDOS DE LEY;FOVIS;2022/08;Ejecutado;116,0935643
BIENESTAR Y DESARROLLO SOCIAL;FONDOS DE LEY;FOVIS;2022/09;Ejecutado;560,4436961
BIENESTAR Y DESARROLLO SOCIAL;FONDOS DE LEY;FOVIS;2022/10;Ejecutado;195,0018403
BIENESTAR Y DESARROLLO SOCIAL;FONDOS DE LEY;FOVIS;2022/11;Ejecutado;830
BIENESTAR Y DESARROLLO SOCIAL;FONDOS DE LEY;FOVIS;2022/12;Ejecutado;64
BIENESTAR Y DESARROLLO SOCIAL;PLATAFORMA DE BIENESTAR;LÍNEA DE SOLUCIÓN BIENESTAR A LA CARTA;2022/01;Ejecutado;4267683,804
BIENESTAR Y DESARROLLO SOCIAL;PLATAFORMA DE BIENESTAR;LÍNEA DE SOLUCIÓN BIENESTAR A LA CARTA;2022/02;Ejecutado;410940,7715
BIENESTAR Y DESARROLLO SOCIAL;PLATAFORMA DE BIENESTAR;LÍNEA DE SOLUCIÓN BIENESTAR A LA CARTA;2022/03;Ejecutado;376961,7315
BIENESTAR Y DESARROLLO SOCIAL;PLATAFORMA DE BIENESTAR;LÍNEA DE SOLUCIÓN BIENESTAR A LA CARTA;2022/04;Ejecutado;316498,4919
BIENESTAR Y DESARROLLO SOCIAL;PLATAFORMA DE BIENESTAR;LÍNEA DE SOLUCIÓN BIENESTAR A LA CARTA;2022/05;Ejecutado;362223,9715
BIENESTAR Y DESARROLLO SOCIAL;PLATAFORMA DE BIENESTAR;LÍNEA DE SOLUCIÓN BIENESTAR A LA CARTA;2022/06;Ejecutado;1211433,149
BIENESTAR Y DESARROLLO SOCIAL;PLATAFORMA DE BIENESTAR;LÍNEA DE SOLUCIÓN BIENESTAR A LA CARTA;2022/07;Ejecutado;1470745,928
BIENESTAR Y DESARROLLO SOCIAL;PLATAFORMA DE BIENESTAR;LÍNEA DE SOLUCIÓN BIENESTAR A LA CARTA;2022/08;Ejecutado;1372953,759
BIENESTAR Y DESARROLLO SOCIAL;PLATAFORMA DE BIENESTAR;LÍNEA DE SOLUCIÓN BIENESTAR A LA CARTA;2022/09;Ejecutado;1659899,261
BIENESTAR Y DESARROLLO SOCIAL;PLATAFORMA DE BIENESTAR;LÍNEA DE SOLUCIÓN BIENESTAR A LA CARTA;2022/10;Ejecutado;2231878,268
BIENESTAR Y DESARROLLO SOCIAL;PLATAFORMA DE BIENESTAR;LÍNEA DE SOLUCIÓN BIENESTAR A LA CARTA;2022/11;Ejecutado;1927852
BIENESTAR Y DESARROLLO SOCIAL;PLATAFORMA DE BIENESTAR;LÍNEA DE SOLUCIÓN BIENESTAR A LA CARTA;2022/12;Ejecutado;3029697
BIENESTAR Y DESARROLLO SOCIAL;RED;ADMINISTRACIÓN DE RECURSOS;2022/01;Ejecutado;2440109,662
BIENESTAR Y DESARROLLO SOCIAL;RED;ADMINISTRACIÓN DE RECURSOS;2022/02;Ejecutado;2543666,626
BIENESTAR Y DESARROLLO SOCIAL;RED;ADMINISTRACIÓN DE RECURSOS;2022/03;Ejecutado;6270018,542
BIENESTAR Y DESARROLLO SOCIAL;RED;ADMINISTRACIÓN DE RECURSOS;2022/04;Ejecutado;2537406,544
BIENESTAR Y DESARROLLO SOCIAL;RED;ADMINISTRACIÓN DE RECURSOS;2022/05;Ejecutado;2488434,202
BIENESTAR Y DESARROLLO SOCIAL;RED;ADMINISTRACIÓN DE RECURSOS;2022/06;Ejecutado;2404149,513
BIENESTAR Y DESARROLLO SOCIAL;RED;ADMINISTRACIÓN DE RECURSOS;2022/07;Ejecutado;2921574,428
BIENESTAR Y DESARROLLO SOCIAL;RED;ADMINISTRACIÓN DE RECURSOS;2022/08;Ejecutado;3207716,754
BIENESTAR Y DESARROLLO SOCIAL;RED;ADMINISTRACIÓN DE RECURSOS;2022/09;Ejecutado;3338519,614
BIENESTAR Y DESARROLLO SOCIAL;RED;ADMINISTRACIÓN DE RECURSOS;2022/10;Ejecutado;2322873,189
BIENESTAR Y DESARROLLO SOCIAL;RED;ADMINISTRACIÓN DE RECURSOS;2022/11;Ejecutado;2292979
BIENESTAR Y DESARROLLO SOCIAL;RED;ADMINISTRACIÓN DE RECURSOS;2022/12;Ejecutado;75179916
BIENESTAR Y DESARROLLO SOCIAL;RED;ADMÓN CONVENIOS;2022/01;Ejecutado;2734390,263
BIENESTAR Y DESARROLLO SOCIAL;RED;ADMÓN CONVENIOS;2022/02;Ejecutado;1963835,516
BIENESTAR Y DESARROLLO SOCIAL;RED;ADMÓN CONVENIOS;2022/03;Ejecutado;2184360,555
BIENESTAR Y DESARROLLO SOCIAL;RED;ADMÓN CONVENIOS;2022/04;Ejecutado;1737962,038
BIENESTAR Y DESARROLLO SOCIAL;RED;ADMÓN CONVENIOS;2022/05;Ejecutado;2417043,374
BIENESTAR Y DESARROLLO SOCIAL;RED;ADMÓN CONVENIOS;2022/06;Ejecutado;2005773,278
BIENESTAR Y DESARROLLO SOCIAL;RED;ADMÓN CONVENIOS;2022/07;Ejecutado;1365142,262
BIENESTAR Y DESARROLLO SOCIAL;RED;ADMÓN CONVENIOS;2022/08;Ejecutado;1501865,52
BIENESTAR Y DESARROLLO SOCIAL;RED;ADMÓN CONVENIOS;2022/09;Ejecutado;1344639,964
BIENESTAR Y DESARROLLO SOCIAL;RED;ADMÓN CONVENIOS;2022/10;Ejecutado;1199246,889
BIENESTAR Y DESARROLLO SOCIAL;RED;ADMÓN CONVENIOS;2022/11;Ejecutado;932100
BIENESTAR Y DESARROLLO SOCIAL;RED;ADMÓN CONVENIOS;2022/12;Ejecutado;2470869
BIENESTAR Y DESARROLLO SOCIAL;RED;ADMON PROYECTOS SOCIALES;2022/01;Ejecutado;816432,2404
BIENESTAR Y DESARROLLO SOCIAL;RED;ADMON PROYECTOS SOCIALES;2022/02;Ejecutado;49056,61938
BIENESTAR Y DESARROLLO SOCIAL;RED;ADMON PROYECTOS SOCIALES;2022/03;Ejecutado;444424,9286
BIENESTAR Y DESARROLLO SOCIAL;RED;ADMON PROYECTOS SOCIALES;2022/04;Ejecutado;304238,4393
BIENESTAR Y DESARROLLO SOCIAL;RED;ADMON PROYECTOS SOCIALES;2022/05;Ejecutado;216289,1683
BIENESTAR Y DESARROLLO SOCIAL;RED;ADMON PROYECTOS SOCIALES;2022/06;Ejecutado;558461,7376
BIENESTAR Y DESARROLLO SOCIAL;RED;ADMON PROYECTOS SOCIALES;2022/07;Ejecutado;657802,8958
BIENESTAR Y DESARROLLO SOCIAL;RED;ADMON PROYECTOS SOCIALES;2022/08;Ejecutado;653596,5715
BIENESTAR Y DESARROLLO SOCIAL;RED;ADMON PROYECTOS SOCIALES;2022/09;Ejecutado;736225,4971
BIENESTAR Y DESARROLLO SOCIAL;RED;ADMON PROYECTOS SOCIALES;2022/10;Ejecutado;729925,4343
BIENESTAR Y DESARROLLO SOCIAL;RED;ADMON PROYECTOS SOCIALES;2022/11;Ejecutado;643580
BIENESTAR Y DESARROLLO SOCIAL;RED;ADMON PROYECTOS SOCIALES;2022/12;Ejecutado;1423302
BIENESTAR Y DESARROLLO SOCIAL;RED;ADMÓN RED;2022/01;Ejecutado;39433854,21
BIENESTAR Y DESARROLLO SOCIAL;RED;ADMÓN RED;2022/02;Ejecutado;46807713,29
BIENESTAR Y DESARROLLO SOCIAL;RED;ADMÓN RED;2022/03;Ejecutado;42485968,61
BIENESTAR Y DESARROLLO SOCIAL;RED;ADMÓN RED;2022/04;Ejecutado;43757342,96
BIENESTAR Y DESARROLLO SOCIAL;RED;ADMÓN RED;2022/05;Ejecutado;48752697,54
BIENESTAR Y DESARROLLO SOCIAL;RED;ADMÓN RED;2022/06;Ejecutado;47581103,25
BIENESTAR Y DESARROLLO SOCIAL;RED;ADMÓN RED;2022/07;Ejecutado;46121803,58
BIENESTAR Y DESARROLLO SOCIAL;RED;ADMÓN RED;2022/08;Ejecutado;64989872,61
BIENESTAR Y DESARROLLO SOCIAL;RED;ADMÓN RED;2022/09;Ejecutado;168866504,2
BIENESTAR Y DESARROLLO SOCIAL;RED;ADMÓN RED;2022/10;Ejecutado;38198276,61
BIENESTAR Y DESARROLLO SOCIAL;RED;ADMÓN RED;2022/11;Ejecutado;62021117
BIENESTAR Y DESARROLLO SOCIAL;RED;ADMÓN RED;2022/12;Ejecutado;134596095
BIENESTAR Y DESARROLLO SOCIAL;RED;CULTURA;2022/01;Ejecutado;323349,2218
BIENESTAR Y DESARROLLO SOCIAL;RED;CULTURA;2022/02;Ejecutado;141568,8937
BIENESTAR Y DESARROLLO SOCIAL;RED;CULTURA;2022/03;Ejecutado;36110,26881
BIENESTAR Y DESARROLLO SOCIAL;RED;CULTURA;2022/04;Ejecutado;341991,864
BIENESTAR Y DESARROLLO SOCIAL;RED;CULTURA;2022/05;Ejecutado;62552,4581
BIENESTAR Y DESARROLLO SOCIAL;RED;CULTURA;2022/06;Ejecutado;673330,5237
BIENESTAR Y DESARROLLO SOCIAL;RED;CULTURA;2022/07;Ejecutado;1182162,688
BIENESTAR Y DESARROLLO SOCIAL;RED;CULTURA;2022/08;Ejecutado;81024,07089
BIENESTAR Y DESARROLLO SOCIAL;RED;CULTURA;2022/09;Ejecutado;17842,3227
BIENESTAR Y DESARROLLO SOCIAL;RED;CULTURA;2022/10;Ejecutado;65855,97889
BIENESTAR Y DESARROLLO SOCIAL;RED;CULTURA;2022/11;Ejecutado;63732
BIENESTAR Y DESARROLLO SOCIAL;RED;CULTURA;2022/12;Ejecutado;217606
BIENESTAR Y DESARROLLO SOCIAL;RED;DEPORTES;2022/01;Ejecutado;65230917,52
BIENESTAR Y DESARROLLO SOCIAL;RED;DEPORTES;2022/02;Ejecutado;57749581,27
BIENESTAR Y DESARROLLO SOCIAL;RED;DEPORTES;2022/03;Ejecutado;172639779,1
BIENESTAR Y DESARROLLO SOCIAL;RED;DEPORTES;2022/04;Ejecutado;62451752,76
BIENESTAR Y DESARROLLO SOCIAL;RED;DEPORTES;2022/05;Ejecutado;143566907,7
BIENESTAR Y DESARROLLO SOCIAL;RED;DEPORTES;2022/06;Ejecutado;102182642,4
BIENESTAR Y DESARROLLO SOCIAL;RED;DEPORTES;2022/07;Ejecutado;88554461,49
BIENESTAR Y DESARROLLO SOCIAL;RED;DEPORTES;2022/08;Ejecutado;197356758,9
BIENESTAR Y DESARROLLO SOCIAL;RED;DEPORTES;2022/09;Ejecutado;114206740,8
BIENESTAR Y DESARROLLO SOCIAL;RED;DEPORTES;2022/10;Ejecutado;98184499,95
BIENESTAR Y DESARROLLO SOCIAL;RED;DEPORTES;2022/11;Ejecutado;593279124
BIENESTAR Y DESARROLLO SOCIAL;RED;DEPORTES;2022/12;Ejecutado;246681177
BIENESTAR Y DESARROLLO SOCIAL;RED;EDUCACIÓN;2022/01;Ejecutado;49839899,11
BIENESTAR Y DESARROLLO SOCIAL;RED;EDUCACIÓN;2022/02;Ejecutado;40476354,15
BIENESTAR Y DESARROLLO SOCIAL;RED;EDUCACIÓN;2022/03;Ejecutado;62082540,31
BIENESTAR Y DESARROLLO SOCIAL;RED;EDUCACIÓN;2022/04;Ejecutado;44808732,47
BIENESTAR Y DESARROLLO SOCIAL;RED;EDUCACIÓN;2022/05;Ejecutado;61110242,46
BIENESTAR Y DESARROLLO SOCIAL;RED;EDUCACIÓN;2022/06;Ejecutado;55574519,98
BIENESTAR Y DESARROLLO SOCIAL;RED;EDUCACIÓN;2022/07;Ejecutado;63201160,65
BIENESTAR Y DESARROLLO SOCIAL;RED;EDUCACIÓN;2022/08;Ejecutado;60004237,01
BIENESTAR Y DESARROLLO SOCIAL;RED;EDUCACIÓN;2022/09;Ejecutado;50022094,68
BIENESTAR Y DESARROLLO SOCIAL;RED;EDUCACIÓN;2022/10;Ejecutado;49097045,36
BIENESTAR Y DESARROLLO SOCIAL;RED;EDUCACIÓN;2022/11;Ejecutado;112064478
BIENESTAR Y DESARROLLO SOCIAL;RED;EDUCACIÓN;2022/12;Ejecutado;87876921
BIENESTAR Y DESARROLLO SOCIAL;RED;RECREACIÓN;2022/01;Ejecutado;22123257
BIENESTAR Y DESARROLLO SOCIAL;RED;RECREACIÓN;2022/02;Ejecutado;23935842,86
BIENESTAR Y DESARROLLO SOCIAL;RED;RECREACIÓN;2022/03;Ejecutado;35529972,64
BIENESTAR Y DESARROLLO SOCIAL;RED;RECREACIÓN;2022/04;Ejecutado;20527294,1
BIENESTAR Y DESARROLLO SOCIAL;RED;RECREACIÓN;2022/05;Ejecutado;34798202,79
BIENESTAR Y DESARROLLO SOCIAL;RED;RECREACIÓN;2022/06;Ejecutado;35095523,51
BIENESTAR Y DESARROLLO SOCIAL;RED;RECREACIÓN;2022/07;Ejecutado;184891733,3
BIENESTAR Y DESARROLLO SOCIAL;RED;RECREACIÓN;2022/08;Ejecutado;53817833,65
BIENESTAR Y DESARROLLO SOCIAL;RED;RECREACIÓN;2022/09;Ejecutado;35766059,71
BIENESTAR Y DESARROLLO SOCIAL;RED;RECREACIÓN;2022/10;Ejecutado;29617136,69
BIENESTAR Y DESARROLLO SOCIAL;RED;RECREACIÓN;2022/11;Ejecutado;105015123
BIENESTAR Y DESARROLLO SOCIAL;RED;RECREACIÓN;2022/12;Ejecutado;56741092
BIENESTAR Y DESARROLLO SOCIAL;VIVIENDA;SUBSIDIO;2022/01;Ejecutado;151296578,4
BIENESTAR Y DESARROLLO SOCIAL;VIVIENDA;SUBSIDIO;2022/02;Ejecutado;155008808,6
BIENESTAR Y DESARROLLO SOCIAL;VIVIENDA;SUBSIDIO;2022/03;Ejecutado;154724079,2
BIENESTAR Y DESARROLLO SOCIAL;VIVIENDA;SUBSIDIO;2022/04;Ejecutado;176527362,8
BIENESTAR Y DESARROLLO SOCIAL;VIVIENDA;SUBSIDIO;2022/05;Ejecutado;155503284,9
BIENESTAR Y DESARROLLO SOCIAL;VIVIENDA;SUBSIDIO;2022/06;Ejecutado;178594511,8
BIENESTAR Y DESARROLLO SOCIAL;VIVIENDA;SUBSIDIO;2022/07;Ejecutado;199803542,5
BIENESTAR Y DESARROLLO SOCIAL;VIVIENDA;SUBSIDIO;2022/08;Ejecutado;167167252,5
BIENESTAR Y DESARROLLO SOCIAL;VIVIENDA;SUBSIDIO;2022/09;Ejecutado;266572200,2
BIENESTAR Y DESARROLLO SOCIAL;VIVIENDA;SUBSIDIO;2022/10;Ejecutado;115784036,4
BIENESTAR Y DESARROLLO SOCIAL;VIVIENDA;SUBSIDIO;2022/11;Ejecutado;204240668
BIENESTAR Y DESARROLLO SOCIAL;VIVIENDA;SUBSIDIO;2022/12;Ejecutado;276684897
BIENESTAR Y DESARROLLO SOCIAL;VIVIENDA;VIVIENDA;2022/01;Ejecutado;36919549,21
BIENESTAR Y DESARROLLO SOCIAL;VIVIENDA;VIVIENDA;2022/02;Ejecutado;15358857,72
BIENESTAR Y DESARROLLO SOCIAL;VIVIENDA;VIVIENDA;2022/03;Ejecutado;18352570,37
BIENESTAR Y DESARROLLO SOCIAL;VIVIENDA;VIVIENDA;2022/04;Ejecutado;42908673,09
BIENESTAR Y DESARROLLO SOCIAL;VIVIENDA;VIVIENDA;2022/05;Ejecutado;9241430,688
BIENESTAR Y DESARROLLO SOCIAL;VIVIENDA;VIVIENDA;2022/06;Ejecutado;9933015,855
BIENESTAR Y DESARROLLO SOCIAL;VIVIENDA;VIVIENDA;2022/07;Ejecutado;34110668,44
BIENESTAR Y DESARROLLO SOCIAL;VIVIENDA;VIVIENDA;2022/08;Ejecutado;7178231,343
BIENESTAR Y DESARROLLO SOCIAL;VIVIENDA;VIVIENDA;2022/09;Ejecutado;8916599,832
BIENESTAR Y DESARROLLO SOCIAL;VIVIENDA;VIVIENDA;2022/10;Ejecutado;25636905,62
BIENESTAR Y DESARROLLO SOCIAL;VIVIENDA;VIVIENDA;2022/11;Ejecutado;9567572
BIENESTAR Y DESARROLLO SOCIAL;VIVIENDA;VIVIENDA;2022/12;Ejecutado;25339325
CENTRO DE SERVICIOS COMPARTIDOS;CENTRO DE SERVICIOS COMPARTIDOS;ADMNISTRACION UNIDAD CSC;2022/01;Ejecutado;5051976,739
CENTRO DE SERVICIOS COMPARTIDOS;CENTRO DE SERVICIOS COMPARTIDOS;ADMNISTRACION UNIDAD CSC;2022/02;Ejecutado;1006357,195
CENTRO DE SERVICIOS COMPARTIDOS;CENTRO DE SERVICIOS COMPARTIDOS;ADMNISTRACION UNIDAD CSC;2022/03;Ejecutado;1033077,474
CENTRO DE SERVICIOS COMPARTIDOS;CENTRO DE SERVICIOS COMPARTIDOS;ADMNISTRACION UNIDAD CSC;2022/04;Ejecutado;1087742,92
CENTRO DE SERVICIOS COMPARTIDOS;CENTRO DE SERVICIOS COMPARTIDOS;ADMNISTRACION UNIDAD CSC;2022/05;Ejecutado;1282605,149
CENTRO DE SERVICIOS COMPARTIDOS;CENTRO DE SERVICIOS COMPARTIDOS;ADMNISTRACION UNIDAD CSC;2022/06;Ejecutado;1719588,943
CENTRO DE SERVICIOS COMPARTIDOS;CENTRO DE SERVICIOS COMPARTIDOS;ADMNISTRACION UNIDAD CSC;2022/07;Ejecutado;1421610,027
CENTRO DE SERVICIOS COMPARTIDOS;CENTRO DE SERVICIOS COMPARTIDOS;ADMNISTRACION UNIDAD CSC;2022/08;Ejecutado;1280559,514
CENTRO DE SERVICIOS COMPARTIDOS;CENTRO DE SERVICIOS COMPARTIDOS;ADMNISTRACION UNIDAD CSC;2022/09;Ejecutado;743908,1286
CENTRO DE SERVICIOS COMPARTIDOS;CENTRO DE SERVICIOS COMPARTIDOS;ADMNISTRACION UNIDAD CSC;2022/10;Ejecutado;826855,3653
CENTRO DE SERVICIOS COMPARTIDOS;CENTRO DE SERVICIOS COMPARTIDOS;ADMNISTRACION UNIDAD CSC;2022/11;Ejecutado;701018
CENTRO DE SERVICIOS COMPARTIDOS;CENTRO DE SERVICIOS COMPARTIDOS;ADMNISTRACION UNIDAD CSC;2022/12;Ejecutado;1655896
CENTRO DE SERVICIOS COMPARTIDOS;CENTRO DE SERVICIOS COMPARTIDOS;ATENCION Y GESTION CSC;2022/01;Ejecutado;18709132
CENTRO DE SERVICIOS COMPARTIDOS;CENTRO DE SERVICIOS COMPARTIDOS;ATENCION Y GESTION CSC;2022/02;Ejecutado;19642589,2
CENTRO DE SERVICIOS COMPARTIDOS;CENTRO DE SERVICIOS COMPARTIDOS;ATENCION Y GESTION CSC;2022/03;Ejecutado;12829954,28
CENTRO DE SERVICIOS COMPARTIDOS;CENTRO DE SERVICIOS COMPARTIDOS;ATENCION Y GESTION CSC;2022/04;Ejecutado;15465448,61
CENTRO DE SERVICIOS COMPARTIDOS;CENTRO DE SERVICIOS COMPARTIDOS;ATENCION Y GESTION CSC;2022/05;Ejecutado;19882547,02
CENTRO DE SERVICIOS COMPARTIDOS;CENTRO DE SERVICIOS COMPARTIDOS;ATENCION Y GESTION CSC;2022/06;Ejecutado;27385511,37
CENTRO DE SERVICIOS COMPARTIDOS;CENTRO DE SERVICIOS COMPARTIDOS;ATENCION Y GESTION CSC;2022/07;Ejecutado;28777845,88
CENTRO DE SERVICIOS COMPARTIDOS;CENTRO DE SERVICIOS COMPARTIDOS;ATENCION Y GESTION CSC;2022/08;Ejecutado;15652656,95
CENTRO DE SERVICIOS COMPARTIDOS;CENTRO DE SERVICIOS COMPARTIDOS;ATENCION Y GESTION CSC;2022/09;Ejecutado;104350194,4
CENTRO DE SERVICIOS COMPARTIDOS;CENTRO DE SERVICIOS COMPARTIDOS;ATENCION Y GESTION CSC;2022/10;Ejecutado;20360935,12
CENTRO DE SERVICIOS COMPARTIDOS;CENTRO DE SERVICIOS COMPARTIDOS;ATENCION Y GESTION CSC;2022/11;Ejecutado;-11520504
CENTRO DE SERVICIOS COMPARTIDOS;CENTRO DE SERVICIOS COMPARTIDOS;ATENCION Y GESTION CSC;2022/12;Ejecutado;378732628
CENTRO DE SERVICIOS COMPARTIDOS;CENTRO DE SERVICIOS COMPARTIDOS;COMPRAS Y ABASTECIMIENTO;2022/01;Ejecutado;81265315,08
CENTRO DE SERVICIOS COMPARTIDOS;CENTRO DE SERVICIOS COMPARTIDOS;COMPRAS Y ABASTECIMIENTO;2022/02;Ejecutado;72114168,03
CENTRO DE SERVICIOS COMPARTIDOS;CENTRO DE SERVICIOS COMPARTIDOS;COMPRAS Y ABASTECIMIENTO;2022/03;Ejecutado;70057635,77
CENTRO DE SERVICIOS COMPARTIDOS;CENTRO DE SERVICIOS COMPARTIDOS;COMPRAS Y ABASTECIMIENTO;2022/04;Ejecutado;70251945,06
CENTRO DE SERVICIOS COMPARTIDOS;CENTRO DE SERVICIOS COMPARTIDOS;COMPRAS Y ABASTECIMIENTO;2022/05;Ejecutado;81843110,33
CENTRO DE SERVICIOS COMPARTIDOS;CENTRO DE SERVICIOS COMPARTIDOS;COMPRAS Y ABASTECIMIENTO;2022/06;Ejecutado;92823098,54
CENTRO DE SERVICIOS COMPARTIDOS;CENTRO DE SERVICIOS COMPARTIDOS;COMPRAS Y ABASTECIMIENTO;2022/07;Ejecutado;78571933,86
CENTRO DE SERVICIOS COMPARTIDOS;CENTRO DE SERVICIOS COMPARTIDOS;COMPRAS Y ABASTECIMIENTO;2022/08;Ejecutado;84772785,19
CENTRO DE SERVICIOS COMPARTIDOS;CENTRO DE SERVICIOS COMPARTIDOS;COMPRAS Y ABASTECIMIENTO;2022/09;Ejecutado;81509420,07
CENTRO DE SERVICIOS COMPARTIDOS;CENTRO DE SERVICIOS COMPARTIDOS;COMPRAS Y ABASTECIMIENTO;2022/10;Ejecutado;72324460,78
CENTRO DE SERVICIOS COMPARTIDOS;CENTRO DE SERVICIOS COMPARTIDOS;COMPRAS Y ABASTECIMIENTO;2022/11;Ejecutado;76329099
CENTRO DE SERVICIOS COMPARTIDOS;CENTRO DE SERVICIOS COMPARTIDOS;COMPRAS Y ABASTECIMIENTO;2022/12;Ejecutado;205796620
CENTRO DE SERVICIOS COMPARTIDOS;CENTRO DE SERVICIOS COMPARTIDOS;FINANZAS;2022/01;Ejecutado;97794177,53
CENTRO DE SERVICIOS COMPARTIDOS;CENTRO DE SERVICIOS COMPARTIDOS;FINANZAS;2022/02;Ejecutado;71507465,39
CENTRO DE SERVICIOS COMPARTIDOS;CENTRO DE SERVICIOS COMPARTIDOS;FINANZAS;2022/03;Ejecutado;74150885,56
CENTRO DE SERVICIOS COMPARTIDOS;CENTRO DE SERVICIOS COMPARTIDOS;FINANZAS;2022/04;Ejecutado;102355971,6
CENTRO DE SERVICIOS COMPARTIDOS;CENTRO DE SERVICIOS COMPARTIDOS;FINANZAS;2022/05;Ejecutado;115726155
CENTRO DE SERVICIOS COMPARTIDOS;CENTRO DE SERVICIOS COMPARTIDOS;FINANZAS;2022/06;Ejecutado;152115694,2
CENTRO DE SERVICIOS COMPARTIDOS;CENTRO DE SERVICIOS COMPARTIDOS;FINANZAS;2022/07;Ejecutado;131238316,7
CENTRO DE SERVICIOS COMPARTIDOS;CENTRO DE SERVICIOS COMPARTIDOS;FINANZAS;2022/08;Ejecutado;137786269,2
CENTRO DE SERVICIOS COMPARTIDOS;CENTRO DE SERVICIOS COMPARTIDOS;FINANZAS;2022/09;Ejecutado;306185236
CENTRO DE SERVICIOS COMPARTIDOS;CENTRO DE SERVICIOS COMPARTIDOS;FINANZAS;2022/10;Ejecutado;75167390,63
CENTRO DE SERVICIOS COMPARTIDOS;CENTRO DE SERVICIOS COMPARTIDOS;FINANZAS;2022/11;Ejecutado;10286360
CENTRO DE SERVICIOS COMPARTIDOS;CENTRO DE SERVICIOS COMPARTIDOS;FINANZAS;2022/12;Ejecutado;989084003
CENTRO DE SERVICIOS COMPARTIDOS;CENTRO DE SERVICIOS COMPARTIDOS;GESTIONAR INFORMACIÓN EMPRESARIAL;2022/01;Ejecutado;265489288,9
CENTRO DE SERVICIOS COMPARTIDOS;CENTRO DE SERVICIOS COMPARTIDOS;GESTIONAR INFORMACIÓN EMPRESARIAL;2022/02;Ejecutado;47678042,75
CENTRO DE SERVICIOS COMPARTIDOS;CENTRO DE SERVICIOS COMPARTIDOS;GESTIONAR INFORMACIÓN EMPRESARIAL;2022/03;Ejecutado;48370703,74
CENTRO DE SERVICIOS COMPARTIDOS;CENTRO DE SERVICIOS COMPARTIDOS;GESTIONAR INFORMACIÓN EMPRESARIAL;2022/04;Ejecutado;116030969
CENTRO DE SERVICIOS COMPARTIDOS;CENTRO DE SERVICIOS COMPARTIDOS;GESTIONAR INFORMACIÓN EMPRESARIAL;2022/05;Ejecutado;115195761,1
CENTRO DE SERVICIOS COMPARTIDOS;CENTRO DE SERVICIOS COMPARTIDOS;GESTIONAR INFORMACIÓN EMPRESARIAL;2022/06;Ejecutado;-45429692,78
CENTRO DE SERVICIOS COMPARTIDOS;CENTRO DE SERVICIOS COMPARTIDOS;GESTIONAR INFORMACIÓN EMPRESARIAL;2022/07;Ejecutado;58338814,82
CENTRO DE SERVICIOS COMPARTIDOS;CENTRO DE SERVICIOS COMPARTIDOS;GESTIONAR INFORMACIÓN EMPRESARIAL;2022/08;Ejecutado;51235678,73
CENTRO DE SERVICIOS COMPARTIDOS;CENTRO DE SERVICIOS COMPARTIDOS;GESTIONAR INFORMACIÓN EMPRESARIAL;2022/09;Ejecutado;57903377,38
CENTRO DE SERVICIOS COMPARTIDOS;CENTRO DE SERVICIOS COMPARTIDOS;GESTIONAR INFORMACIÓN EMPRESARIAL;2022/10;Ejecutado;52899647,75
CENTRO DE SERVICIOS COMPARTIDOS;CENTRO DE SERVICIOS COMPARTIDOS;GESTIONAR INFORMACIÓN EMPRESARIAL;2022/11;Ejecutado;48540288
CENTRO DE SERVICIOS COMPARTIDOS;CENTRO DE SERVICIOS COMPARTIDOS;GESTIONAR INFORMACIÓN EMPRESARIAL;2022/12;Ejecutado;291885564
CENTRO DE SERVICIOS COMPARTIDOS;CENTRO DE SERVICIOS COMPARTIDOS;INFRAESTRUCTURA Y SERVICIOS ADMINISTRATIVOS;2022/01;Ejecutado;63675240,28
CENTRO DE SERVICIOS COMPARTIDOS;CENTRO DE SERVICIOS COMPARTIDOS;INFRAESTRUCTURA Y SERVICIOS ADMINISTRATIVOS;2022/02;Ejecutado;51941774,44
CENTRO DE SERVICIOS COMPARTIDOS;CENTRO DE SERVICIOS COMPARTIDOS;INFRAESTRUCTURA Y SERVICIOS ADMINISTRATIVOS;2022/03;Ejecutado;56275464,55
CENTRO DE SERVICIOS COMPARTIDOS;CENTRO DE SERVICIOS COMPARTIDOS;INFRAESTRUCTURA Y SERVICIOS ADMINISTRATIVOS;2022/04;Ejecutado;53283455,54
CENTRO DE SERVICIOS COMPARTIDOS;CENTRO DE SERVICIOS COMPARTIDOS;INFRAESTRUCTURA Y SERVICIOS ADMINISTRATIVOS;2022/05;Ejecutado;73703763,28
CENTRO DE SERVICIOS COMPARTIDOS;CENTRO DE SERVICIOS COMPARTIDOS;INFRAESTRUCTURA Y SERVICIOS ADMINISTRATIVOS;2022/06;Ejecutado;62731630,66
CENTRO DE SERVICIOS COMPARTIDOS;CENTRO DE SERVICIOS COMPARTIDOS;INFRAESTRUCTURA Y SERVICIOS ADMINISTRATIVOS;2022/07;Ejecutado;49187956,75
CENTRO DE SERVICIOS COMPARTIDOS;CENTRO DE SERVICIOS COMPARTIDOS;INFRAESTRUCTURA Y SERVICIOS ADMINISTRATIVOS;2022/08;Ejecutado;46879835,83
CENTRO DE SERVICIOS COMPARTIDOS;CENTRO DE SERVICIOS COMPARTIDOS;INFRAESTRUCTURA Y SERVICIOS ADMINISTRATIVOS;2022/09;Ejecutado;55191779,09
CENTRO DE SERVICIOS COMPARTIDOS;CENTRO DE SERVICIOS COMPARTIDOS;INFRAESTRUCTURA Y SERVICIOS ADMINISTRATIVOS;2022/10;Ejecutado;52832940,92
CENTRO DE SERVICIOS COMPARTIDOS;CENTRO DE SERVICIOS COMPARTIDOS;INFRAESTRUCTURA Y SERVICIOS ADMINISTRATIVOS;2022/11;Ejecutado;38170150
CENTRO DE SERVICIOS COMPARTIDOS;CENTRO DE SERVICIOS COMPARTIDOS;INFRAESTRUCTURA Y SERVICIOS ADMINISTRATIVOS;2022/12;Ejecutado;105813633
CENTRO DE SERVICIOS COMPARTIDOS;CENTRO DE SERVICIOS COMPARTIDOS;OPERACIÓN SAP;2022/01;Ejecutado;6238847,868
CENTRO DE SERVICIOS COMPARTIDOS;CENTRO DE SERVICIOS COMPARTIDOS;OPERACIÓN SAP;2022/02;Ejecutado;-19004988,77
CENTRO DE SERVICIOS COMPARTIDOS;CENTRO DE SERVICIOS COMPARTIDOS;OPERACIÓN SAP;2022/03;Ejecutado;8969835,507
CENTRO DE SERVICIOS COMPARTIDOS;CENTRO DE SERVICIOS COMPARTIDOS;OPERACIÓN SAP;2022/04;Ejecutado;1741302,362
CENTRO DE SERVICIOS COMPARTIDOS;CENTRO DE SERVICIOS COMPARTIDOS;OPERACIÓN SAP;2022/05;Ejecutado;28283937,68
CENTRO DE SERVICIOS COMPARTIDOS;CENTRO DE SERVICIOS COMPARTIDOS;OPERACIÓN SAP;2022/06;Ejecutado;3756128,667
CENTRO DE SERVICIOS COMPARTIDOS;CENTRO DE SERVICIOS COMPARTIDOS;OPERACIÓN SAP;2022/07;Ejecutado;2416250,452
CENTRO DE SERVICIOS COMPARTIDOS;CENTRO DE SERVICIOS COMPARTIDOS;OPERACIÓN SAP;2022/08;Ejecutado;2628208,205
CENTRO DE SERVICIOS COMPARTIDOS;CENTRO DE SERVICIOS COMPARTIDOS;OPERACIÓN SAP;2022/09;Ejecutado;4286833,303
CENTRO DE SERVICIOS COMPARTIDOS;CENTRO DE SERVICIOS COMPARTIDOS;OPERACIÓN SAP;2022/10;Ejecutado;2836765,894
CENTRO DE SERVICIOS COMPARTIDOS;CENTRO DE SERVICIOS COMPARTIDOS;OPERACIÓN SAP;2022/11;Ejecutado;9544907
CENTRO DE SERVICIOS COMPARTIDOS;CENTRO DE SERVICIOS COMPARTIDOS;OPERACIÓN SAP;2022/12;Ejecutado;2957486
CENTRO DE SERVICIOS COMPARTIDOS;CENTRO DE SERVICIOS COMPARTIDOS;OTROS COMPENSAR;2022/01;Ejecutado;6319594,905
CENTRO DE SERVICIOS COMPARTIDOS;CENTRO DE SERVICIOS COMPARTIDOS;OTROS COMPENSAR;2022/02;Ejecutado;6173492,564
CENTRO DE SERVICIOS COMPARTIDOS;CENTRO DE SERVICIOS COMPARTIDOS;OTROS COMPENSAR;2022/03;Ejecutado;9220122,034
CENTRO DE SERVICIOS COMPARTIDOS;CENTRO DE SERVICIOS COMPARTIDOS;OTROS COMPENSAR;2022/04;Ejecutado;5246920,344
CENTRO DE SERVICIOS COMPARTIDOS;CENTRO DE SERVICIOS COMPARTIDOS;OTROS COMPENSAR;2022/05;Ejecutado;6176528,116
CENTRO DE SERVICIOS COMPARTIDOS;CENTRO DE SERVICIOS COMPARTIDOS;OTROS COMPENSAR;2022/06;Ejecutado;5385876,511
CENTRO DE SERVICIOS COMPARTIDOS;CENTRO DE SERVICIOS COMPARTIDOS;OTROS COMPENSAR;2022/07;Ejecutado;5786532,446
CENTRO DE SERVICIOS COMPARTIDOS;CENTRO DE SERVICIOS COMPARTIDOS;OTROS COMPENSAR;2022/08;Ejecutado;15363665,17
CENTRO DE SERVICIOS COMPARTIDOS;CENTRO DE SERVICIOS COMPARTIDOS;OTROS COMPENSAR;2022/09;Ejecutado;-5624147,026
CENTRO DE SERVICIOS COMPARTIDOS;CENTRO DE SERVICIOS COMPARTIDOS;OTROS COMPENSAR;2022/10;Ejecutado;5974755,499
CENTRO DE SERVICIOS COMPARTIDOS;CENTRO DE SERVICIOS COMPARTIDOS;OTROS COMPENSAR;2022/11;Ejecutado;4442897
CENTRO DE SERVICIOS COMPARTIDOS;CENTRO DE SERVICIOS COMPARTIDOS;OTROS COMPENSAR;2022/12;Ejecutado;14813716
CENTRO DE SERVICIOS COMPARTIDOS;CENTRO DE SERVICIOS COMPARTIDOS;PROYECTOS DE INFRAESTRUCTURA;2022/01;Ejecutado;4854376,699
CENTRO DE SERVICIOS COMPARTIDOS;CENTRO DE SERVICIOS COMPARTIDOS;PROYECTOS DE INFRAESTRUCTURA;2022/02;Ejecutado;4121839,375
CENTRO DE SERVICIOS COMPARTIDOS;CENTRO DE SERVICIOS COMPARTIDOS;PROYECTOS DE INFRAESTRUCTURA;2022/03;Ejecutado;32156200,95
CENTRO DE SERVICIOS COMPARTIDOS;CENTRO DE SERVICIOS COMPARTIDOS;PROYECTOS DE INFRAESTRUCTURA;2022/04;Ejecutado;4661826,88
CENTRO DE SERVICIOS COMPARTIDOS;CENTRO DE SERVICIOS COMPARTIDOS;PROYECTOS DE INFRAESTRUCTURA;2022/05;Ejecutado;4992646,858
CENTRO DE SERVICIOS COMPARTIDOS;CENTRO DE SERVICIOS COMPARTIDOS;PROYECTOS DE INFRAESTRUCTURA;2022/06;Ejecutado;10120053,88
CENTRO DE SERVICIOS COMPARTIDOS;CENTRO DE SERVICIOS COMPARTIDOS;PROYECTOS DE INFRAESTRUCTURA;2022/07;Ejecutado;11182706,67
CENTRO DE SERVICIOS COMPARTIDOS;CENTRO DE SERVICIOS COMPARTIDOS;PROYECTOS DE INFRAESTRUCTURA;2022/08;Ejecutado;27404570,69
CENTRO DE SERVICIOS COMPARTIDOS;CENTRO DE SERVICIOS COMPARTIDOS;PROYECTOS DE INFRAESTRUCTURA;2022/09;Ejecutado;3945507,9
CENTRO DE SERVICIOS COMPARTIDOS;CENTRO DE SERVICIOS COMPARTIDOS;PROYECTOS DE INFRAESTRUCTURA;2022/10;Ejecutado;6779753,459
CENTRO DE SERVICIOS COMPARTIDOS;CENTRO DE SERVICIOS COMPARTIDOS;PROYECTOS DE INFRAESTRUCTURA;2022/11;Ejecutado;828507
CENTRO DE SERVICIOS COMPARTIDOS;CENTRO DE SERVICIOS COMPARTIDOS;PROYECTOS DE INFRAESTRUCTURA;2022/12;Ejecutado;15027184
CENTRO DE SERVICIOS COMPARTIDOS;CENTRO DE SERVICIOS COMPARTIDOS;SEGURIDAD INTEGRAL;2022/01;Ejecutado;15075220,08
CENTRO DE SERVICIOS COMPARTIDOS;CENTRO DE SERVICIOS COMPARTIDOS;SEGURIDAD INTEGRAL;2022/02;Ejecutado;13825276,43
CENTRO DE SERVICIOS COMPARTIDOS;CENTRO DE SERVICIOS COMPARTIDOS;SEGURIDAD INTEGRAL;2022/03;Ejecutado;8841742,665
CENTRO DE SERVICIOS COMPARTIDOS;CENTRO DE SERVICIOS COMPARTIDOS;SEGURIDAD INTEGRAL;2022/04;Ejecutado;11408658,41
CENTRO DE SERVICIOS COMPARTIDOS;CENTRO DE SERVICIOS COMPARTIDOS;SEGURIDAD INTEGRAL;2022/05;Ejecutado;14938513,53
CENTRO DE SERVICIOS COMPARTIDOS;CENTRO DE SERVICIOS COMPARTIDOS;SEGURIDAD INTEGRAL;2022/06;Ejecutado;17518811,56
CENTRO DE SERVICIOS COMPARTIDOS;CENTRO DE SERVICIOS COMPARTIDOS;SEGURIDAD INTEGRAL;2022/07;Ejecutado;21409136,8
CENTRO DE SERVICIOS COMPARTIDOS;CENTRO DE SERVICIOS COMPARTIDOS;SEGURIDAD INTEGRAL;2022/08;Ejecutado;15820670,42
CENTRO DE SERVICIOS COMPARTIDOS;CENTRO DE SERVICIOS COMPARTIDOS;SEGURIDAD INTEGRAL;2022/09;Ejecutado;14293549,12
CENTRO DE SERVICIOS COMPARTIDOS;CENTRO DE SERVICIOS COMPARTIDOS;SEGURIDAD INTEGRAL;2022/10;Ejecutado;16742415,04
CENTRO DE SERVICIOS COMPARTIDOS;CENTRO DE SERVICIOS COMPARTIDOS;SEGURIDAD INTEGRAL;2022/11;Ejecutado;10384093
CENTRO DE SERVICIOS COMPARTIDOS;CENTRO DE SERVICIOS COMPARTIDOS;SEGURIDAD INTEGRAL;2022/12;Ejecutado;49392001
CENTRO DE SERVICIOS COMPARTIDOS;CENTRO DE SERVICIOS COMPARTIDOS;SERVICIOS JURÍDICOS;2022/01;Ejecutado;9228627,448
CENTRO DE SERVICIOS COMPARTIDOS;CENTRO DE SERVICIOS COMPARTIDOS;SERVICIOS JURÍDICOS;2022/02;Ejecutado;8146744,252
CENTRO DE SERVICIOS COMPARTIDOS;CENTRO DE SERVICIOS COMPARTIDOS;SERVICIOS JURÍDICOS;2022/03;Ejecutado;8257239,302
CENTRO DE SERVICIOS COMPARTIDOS;CENTRO DE SERVICIOS COMPARTIDOS;SERVICIOS JURÍDICOS;2022/04;Ejecutado;8270067,484
CENTRO DE SERVICIOS COMPARTIDOS;CENTRO DE SERVICIOS COMPARTIDOS;SERVICIOS JURÍDICOS;2022/05;Ejecutado;10365616,81
CENTRO DE SERVICIOS COMPARTIDOS;CENTRO DE SERVICIOS COMPARTIDOS;SERVICIOS JURÍDICOS;2022/06;Ejecutado;11354554,37
CENTRO DE SERVICIOS COMPARTIDOS;CENTRO DE SERVICIOS COMPARTIDOS;SERVICIOS JURÍDICOS;2022/07;Ejecutado;8078992,136
CENTRO DE SERVICIOS COMPARTIDOS;CENTRO DE SERVICIOS COMPARTIDOS;SERVICIOS JURÍDICOS;2022/08;Ejecutado;6504443,006
CENTRO DE SERVICIOS COMPARTIDOS;CENTRO DE SERVICIOS COMPARTIDOS;SERVICIOS JURÍDICOS;2022/09;Ejecutado;7523431,444
CENTRO DE SERVICIOS COMPARTIDOS;CENTRO DE SERVICIOS COMPARTIDOS;SERVICIOS JURÍDICOS;2022/10;Ejecutado;8685204,467
CENTRO DE SERVICIOS COMPARTIDOS;CENTRO DE SERVICIOS COMPARTIDOS;SERVICIOS JURÍDICOS;2022/11;Ejecutado;4760531
CENTRO DE SERVICIOS COMPARTIDOS;CENTRO DE SERVICIOS COMPARTIDOS;SERVICIOS JURÍDICOS;2022/12;Ejecutado;36089470
CENTRO DE SERVICIOS COMPARTIDOS;CENTRO DE SERVICIOS COMPARTIDOS;TALENTO HUMANO;2022/01;Ejecutado;130663794,7
CENTRO DE SERVICIOS COMPARTIDOS;CENTRO DE SERVICIOS COMPARTIDOS;TALENTO HUMANO;2022/02;Ejecutado;100007496,6
CENTRO DE SERVICIOS COMPARTIDOS;CENTRO DE SERVICIOS COMPARTIDOS;TALENTO HUMANO;2022/03;Ejecutado;78074690,35
CENTRO DE SERVICIOS COMPARTIDOS;CENTRO DE SERVICIOS COMPARTIDOS;TALENTO HUMANO;2022/04;Ejecutado;164401189,8
CENTRO DE SERVICIOS COMPARTIDOS;CENTRO DE SERVICIOS COMPARTIDOS;TALENTO HUMANO;2022/05;Ejecutado;96166038,24
CENTRO DE SERVICIOS COMPARTIDOS;CENTRO DE SERVICIOS COMPARTIDOS;TALENTO HUMANO;2022/06;Ejecutado;162329553,5
CENTRO DE SERVICIOS COMPARTIDOS;CENTRO DE SERVICIOS COMPARTIDOS;TALENTO HUMANO;2022/07;Ejecutado;150040314,6
CENTRO DE SERVICIOS COMPARTIDOS;CENTRO DE SERVICIOS COMPARTIDOS;TALENTO HUMANO;2022/08;Ejecutado;82149211,95
CENTRO DE SERVICIOS COMPARTIDOS;CENTRO DE SERVICIOS COMPARTIDOS;TALENTO HUMANO;2022/09;Ejecutado;207714735,8
CENTRO DE SERVICIOS COMPARTIDOS;CENTRO DE SERVICIOS COMPARTIDOS;TALENTO HUMANO;2022/10;Ejecutado;95293528,18
CENTRO DE SERVICIOS COMPARTIDOS;CENTRO DE SERVICIOS COMPARTIDOS;TALENTO HUMANO;2022/11;Ejecutado;79189232
CENTRO DE SERVICIOS COMPARTIDOS;CENTRO DE SERVICIOS COMPARTIDOS;TALENTO HUMANO;2022/12;Ejecutado;261240095
CENTRO DE SERVICIOS COMPARTIDOS;CENTRO DE SERVICIOS COMPARTIDOS;TECNOLOGÍA DE INFORMACIÓN;2022/01;Ejecutado;372583393,2
CENTRO DE SERVICIOS COMPARTIDOS;CENTRO DE SERVICIOS COMPARTIDOS;TECNOLOGÍA DE INFORMACIÓN;2022/02;Ejecutado;104468858
CENTRO DE SERVICIOS COMPARTIDOS;CENTRO DE SERVICIOS COMPARTIDOS;TECNOLOGÍA DE INFORMACIÓN;2022/03;Ejecutado;107692372,2
CENTRO DE SERVICIOS COMPARTIDOS;CENTRO DE SERVICIOS COMPARTIDOS;TECNOLOGÍA DE INFORMACIÓN;2022/04;Ejecutado;578371412,3
CENTRO DE SERVICIOS COMPARTIDOS;CENTRO DE SERVICIOS COMPARTIDOS;TECNOLOGÍA DE INFORMACIÓN;2022/05;Ejecutado;135880170,3
CENTRO DE SERVICIOS COMPARTIDOS;CENTRO DE SERVICIOS COMPARTIDOS;TECNOLOGÍA DE INFORMACIÓN;2022/06;Ejecutado;119423367,2
CENTRO DE SERVICIOS COMPARTIDOS;CENTRO DE SERVICIOS COMPARTIDOS;TECNOLOGÍA DE INFORMACIÓN;2022/07;Ejecutado;122592032,6
CENTRO DE SERVICIOS COMPARTIDOS;CENTRO DE SERVICIOS COMPARTIDOS;TECNOLOGÍA DE INFORMACIÓN;2022/08;Ejecutado;191226965
CENTRO DE SERVICIOS COMPARTIDOS;CENTRO DE SERVICIOS COMPARTIDOS;TECNOLOGÍA DE INFORMACIÓN;2022/09;Ejecutado;134950635,1
CENTRO DE SERVICIOS COMPARTIDOS;CENTRO DE SERVICIOS COMPARTIDOS;TECNOLOGÍA DE INFORMACIÓN;2022/10;Ejecutado;345759059,6
CENTRO DE SERVICIOS COMPARTIDOS;CENTRO DE SERVICIOS COMPARTIDOS;TECNOLOGÍA DE INFORMACIÓN;2022/11;Ejecutado;-16641780
CENTRO DE SERVICIOS COMPARTIDOS;CENTRO DE SERVICIOS COMPARTIDOS;TECNOLOGÍA DE INFORMACIÓN;2022/12;Ejecutado;760888372
CENTRO DE SERVICIOS COMPARTIDOS;CENTRO DE SERVICIOS COMPARTIDOS;TRANSVERSALES TALENTO HUMANO;2022/01;Ejecutado;29538691,79
CENTRO DE SERVICIOS COMPARTIDOS;CENTRO DE SERVICIOS COMPARTIDOS;TRANSVERSALES TALENTO HUMANO;2022/02;Ejecutado;30572739,98
CENTRO DE SERVICIOS COMPARTIDOS;CENTRO DE SERVICIOS COMPARTIDOS;TRANSVERSALES TALENTO HUMANO;2022/03;Ejecutado;30204533,38
CENTRO DE SERVICIOS COMPARTIDOS;CENTRO DE SERVICIOS COMPARTIDOS;TRANSVERSALES TALENTO HUMANO;2022/04;Ejecutado;25720033,71
CENTRO DE SERVICIOS COMPARTIDOS;CENTRO DE SERVICIOS COMPARTIDOS;TRANSVERSALES TALENTO HUMANO;2022/05;Ejecutado;18477341,28
CENTRO DE SERVICIOS COMPARTIDOS;CENTRO DE SERVICIOS COMPARTIDOS;TRANSVERSALES TALENTO HUMANO;2022/06;Ejecutado;18469239,7
CENTRO DE SERVICIOS COMPARTIDOS;CENTRO DE SERVICIOS COMPARTIDOS;TRANSVERSALES TALENTO HUMANO;2022/07;Ejecutado;22657638,63
CENTRO DE SERVICIOS COMPARTIDOS;CENTRO DE SERVICIOS COMPARTIDOS;TRANSVERSALES TALENTO HUMANO;2022/08;Ejecutado;25373321,69
CENTRO DE SERVICIOS COMPARTIDOS;CENTRO DE SERVICIOS COMPARTIDOS;TRANSVERSALES TALENTO HUMANO;2022/09;Ejecutado;38886640,92
CENTRO DE SERVICIOS COMPARTIDOS;CENTRO DE SERVICIOS COMPARTIDOS;TRANSVERSALES TALENTO HUMANO;2022/10;Ejecutado;20232113,03
CENTRO DE SERVICIOS COMPARTIDOS;CENTRO DE SERVICIOS COMPARTIDOS;TRANSVERSALES TALENTO HUMANO;2022/11;Ejecutado;20848676
CENTRO DE SERVICIOS COMPARTIDOS;CENTRO DE SERVICIOS COMPARTIDOS;TRANSVERSALES TALENTO HUMANO;2022/12;Ejecutado;35123550
CORPORATIVO;CORPORATIVO;APORTES Y APROPIACIONES;2022/03;Ejecutado;203445
CORPORATIVO;CORPORATIVO;APORTES Y APROPIACIONES;2022/04;Ejecutado;-4265,153303
CORPORATIVO;CORPORATIVO;APORTES Y APROPIACIONES;2022/07;Ejecutado;267124
CORPORATIVO;CORPORATIVO;APORTES Y APROPIACIONES;2022/08;Ejecutado;120054,4648
CORPORATIVO;CORPORATIVO;APORTES Y APROPIACIONES;2022/09;Ejecutado;577362,4507
CORPORATIVO;CORPORATIVO;APORTES Y APROPIACIONES;2022/10;Ejecutado;200575,8973
CORPORATIVO;CORPORATIVO;APORTES Y APROPIACIONES;2022/11;Ejecutado;855557
CORPORATIVO;CORPORATIVO;APORTES Y APROPIACIONES;2022/12;Ejecutado;65948
CORPORATIVO;CORPORATIVO;ASUNTOS CORPORATIVOS;2022/01;Ejecutado;7927827,741
CORPORATIVO;CORPORATIVO;ASUNTOS CORPORATIVOS;2022/02;Ejecutado;13355886,41
CORPORATIVO;CORPORATIVO;ASUNTOS CORPORATIVOS;2022/03;Ejecutado;7135938,347
CORPORATIVO;CORPORATIVO;ASUNTOS CORPORATIVOS;2022/04;Ejecutado;6134246,723
CORPORATIVO;CORPORATIVO;ASUNTOS CORPORATIVOS;2022/05;Ejecutado;8685604,064
CORPORATIVO;CORPORATIVO;ASUNTOS CORPORATIVOS;2022/06;Ejecutado;9464614,344
CORPORATIVO;CORPORATIVO;ASUNTOS CORPORATIVOS;2022/07;Ejecutado;7137982,437
CORPORATIVO;CORPORATIVO;ASUNTOS CORPORATIVOS;2022/08;Ejecutado;5545072,457
CORPORATIVO;CORPORATIVO;ASUNTOS CORPORATIVOS;2022/09;Ejecutado;6288753,171
CORPORATIVO;CORPORATIVO;ASUNTOS CORPORATIVOS;2022/10;Ejecutado;5756945,701
CORPORATIVO;CORPORATIVO;ASUNTOS CORPORATIVOS;2022/11;Ejecutado;5044623
CORPORATIVO;CORPORATIVO;ASUNTOS CORPORATIVOS;2022/12;Ejecutado;9938077
CORPORATIVO;CORPORATIVO;CORPORATIVO;2022/01;Ejecutado;171601779
CORPORATIVO;CORPORATIVO;CORPORATIVO;2022/02;Ejecutado;104498196,9
CORPORATIVO;CORPORATIVO;CORPORATIVO;2022/03;Ejecutado;154785570,7
CORPORATIVO;CORPORATIVO;CORPORATIVO;2022/04;Ejecutado;150017581,2
CORPORATIVO;CORPORATIVO;CORPORATIVO;2022/05;Ejecutado;136130279,8
CORPORATIVO;CORPORATIVO;CORPORATIVO;2022/06;Ejecutado;133024419,7
CORPORATIVO;CORPORATIVO;CORPORATIVO;2022/07;Ejecutado;102189666,1
CORPORATIVO;CORPORATIVO;CORPORATIVO;2022/08;Ejecutado;130443112,5
CORPORATIVO;CORPORATIVO;CORPORATIVO;2022/09;Ejecutado;327252772,7
CORPORATIVO;CORPORATIVO;CORPORATIVO;2022/10;Ejecutado;140122983
CORPORATIVO;CORPORATIVO;CORPORATIVO;2022/11;Ejecutado;165067764
CORPORATIVO;CORPORATIVO;CORPORATIVO;2022/12;Ejecutado;910814692
CORPORATIVO;CORPORATIVO;GESTIONAR AUDITORIAS CORPORATIVAS;2022/01;Ejecutado;11292590,2
CORPORATIVO;CORPORATIVO;GESTIONAR AUDITORIAS CORPORATIVAS;2022/02;Ejecutado;16827550,42
CORPORATIVO;CORPORATIVO;GESTIONAR AUDITORIAS CORPORATIVAS;2022/03;Ejecutado;9256323,017
CORPORATIVO;CORPORATIVO;GESTIONAR AUDITORIAS CORPORATIVAS;2022/04;Ejecutado;9763083,988
CORPORATIVO;CORPORATIVO;GESTIONAR AUDITORIAS CORPORATIVAS;2022/05;Ejecutado;18180304,42
CORPORATIVO;CORPORATIVO;GESTIONAR AUDITORIAS CORPORATIVAS;2022/06;Ejecutado;9754597,291
CORPORATIVO;CORPORATIVO;GESTIONAR AUDITORIAS CORPORATIVAS;2022/07;Ejecutado;9034905,091
CORPORATIVO;CORPORATIVO;GESTIONAR AUDITORIAS CORPORATIVAS;2022/08;Ejecutado;8424797,679
CORPORATIVO;CORPORATIVO;GESTIONAR AUDITORIAS CORPORATIVAS;2022/09;Ejecutado;9740228,067
CORPORATIVO;CORPORATIVO;GESTIONAR AUDITORIAS CORPORATIVAS;2022/10;Ejecutado;8595074,593
CORPORATIVO;CORPORATIVO;GESTIONAR AUDITORIAS CORPORATIVAS;2022/11;Ejecutado;7794729
CORPORATIVO;CORPORATIVO;GESTIONAR AUDITORIAS CORPORATIVAS;2022/12;Ejecutado;20912906
CORPORATIVO;CORPORATIVO;GESTIONAR EL RIESGO CORPORATIVO;2022/01;Ejecutado;17803706,69
CORPORATIVO;CORPORATIVO;GESTIONAR EL RIESGO CORPORATIVO;2022/02;Ejecutado;22938570,64
CORPORATIVO;CORPORATIVO;GESTIONAR EL RIESGO CORPORATIVO;2022/03;Ejecutado;17662125,11
CORPORATIVO;CORPORATIVO;GESTIONAR EL RIESGO CORPORATIVO;2022/04;Ejecutado;16412868,78
CORPORATIVO;CORPORATIVO;GESTIONAR EL RIESGO CORPORATIVO;2022/05;Ejecutado;29539462,08
CORPORATIVO;CORPORATIVO;GESTIONAR EL RIESGO CORPORATIVO;2022/06;Ejecutado;21327602,04
CORPORATIVO;CORPORATIVO;GESTIONAR EL RIESGO CORPORATIVO;2022/07;Ejecutado;20915099,46
CORPORATIVO;CORPORATIVO;GESTIONAR EL RIESGO CORPORATIVO;2022/08;Ejecutado;15767667,37
CORPORATIVO;CORPORATIVO;GESTIONAR EL RIESGO CORPORATIVO;2022/09;Ejecutado;19166448,58
CORPORATIVO;CORPORATIVO;GESTIONAR EL RIESGO CORPORATIVO;2022/10;Ejecutado;16240356,07
CORPORATIVO;CORPORATIVO;GESTIONAR EL RIESGO CORPORATIVO;2022/11;Ejecutado;57158792
CORPORATIVO;CORPORATIVO;GESTIONAR EL RIESGO CORPORATIVO;2022/12;Ejecutado;45884810
CORPORATIVO;CORPORATIVO;OTROS COMPENSAR;2022/01;Ejecutado;557739452,2
CORPORATIVO;CORPORATIVO;OTROS COMPENSAR;2022/02;Ejecutado;237678063,3
CORPORATIVO;CORPORATIVO;OTROS COMPENSAR;2022/03;Ejecutado;143592877,3
CORPORATIVO;CORPORATIVO;OTROS COMPENSAR;2022/04;Ejecutado;208835570,6
CORPORATIVO;CORPORATIVO;OTROS COMPENSAR;2022/05;Ejecutado;210544988
CORPORATIVO;CORPORATIVO;OTROS COMPENSAR;2022/06;Ejecutado;257707896,9
CORPORATIVO;CORPORATIVO;OTROS COMPENSAR;2022/07;Ejecutado;217790974,5
CORPORATIVO;CORPORATIVO;OTROS COMPENSAR;2022/08;Ejecutado;213918684,6
CORPORATIVO;CORPORATIVO;OTROS COMPENSAR;2022/09;Ejecutado;460701636,5
CORPORATIVO;CORPORATIVO;OTROS COMPENSAR;2022/10;Ejecutado;217104150,9
CORPORATIVO;CORPORATIVO;OTROS COMPENSAR;2022/11;Ejecutado;228962694
CORPORATIVO;CORPORATIVO;OTROS COMPENSAR;2022/12;Ejecutado;733023202
CORPORATIVO;CORPORATIVO;PLANEACION Y CONTROL CORPORATIVO;2022/01;Ejecutado;46029445,55
CORPORATIVO;CORPORATIVO;PLANEACION Y CONTROL CORPORATIVO;2022/02;Ejecutado;65814591,87
CORPORATIVO;CORPORATIVO;PLANEACION Y CONTROL CORPORATIVO;2022/03;Ejecutado;39411310,03
CORPORATIVO;CORPORATIVO;PLANEACION Y CONTROL CORPORATIVO;2022/04;Ejecutado;50761999,05
CORPORATIVO;CORPORATIVO;PLANEACION Y CONTROL CORPORATIVO;2022/05;Ejecutado;53340378,52
CORPORATIVO;CORPORATIVO;PLANEACION Y CONTROL CORPORATIVO;2022/06;Ejecutado;66158649,41
CORPORATIVO;CORPORATIVO;PLANEACION Y CONTROL CORPORATIVO;2022/07;Ejecutado;75274605,74
CORPORATIVO;CORPORATIVO;PLANEACION Y CONTROL CORPORATIVO;2022/08;Ejecutado;64905090,1
CORPORATIVO;CORPORATIVO;PLANEACION Y CONTROL CORPORATIVO;2022/09;Ejecutado;121046033
CORPORATIVO;CORPORATIVO;PLANEACION Y CONTROL CORPORATIVO;2022/10;Ejecutado;58725510,14
CORPORATIVO;CORPORATIVO;PLANEACION Y CONTROL CORPORATIVO;2022/11;Ejecutado;154781200
CORPORATIVO;CORPORATIVO;PLANEACION Y CONTROL CORPORATIVO;2022/12;Ejecutado;304973470
CORPORATIVO;GERENCIA DE CLIENTE;ACOMPAÑAMIENTO CON EL CLIENTE;2022/01;Ejecutado;679186329,7
CORPORATIVO;GERENCIA DE CLIENTE;ACOMPAÑAMIENTO CON EL CLIENTE;2022/02;Ejecutado;48364591,77
CORPORATIVO;GERENCIA DE CLIENTE;ACOMPAÑAMIENTO CON EL CLIENTE;2022/03;Ejecutado;37940225,33
CORPORATIVO;GERENCIA DE CLIENTE;ACOMPAÑAMIENTO CON EL CLIENTE;2022/04;Ejecutado;70558156,85
CORPORATIVO;GERENCIA DE CLIENTE;ACOMPAÑAMIENTO CON EL CLIENTE;2022/05;Ejecutado;69037964,72
CORPORATIVO;GERENCIA DE CLIENTE;ACOMPAÑAMIENTO CON EL CLIENTE;2022/06;Ejecutado;124687655,6
CORPORATIVO;GERENCIA DE CLIENTE;ACOMPAÑAMIENTO CON EL CLIENTE;2022/07;Ejecutado;124154720,3
CORPORATIVO;GERENCIA DE CLIENTE;ACOMPAÑAMIENTO CON EL CLIENTE;2022/08;Ejecutado;45063768,98
CORPORATIVO;GERENCIA DE CLIENTE;ACOMPAÑAMIENTO CON EL CLIENTE;2022/09;Ejecutado;45180726,28
CORPORATIVO;GERENCIA DE CLIENTE;ACOMPAÑAMIENTO CON EL CLIENTE;2022/10;Ejecutado;64282232,66
CORPORATIVO;GERENCIA DE CLIENTE;ACOMPAÑAMIENTO CON EL CLIENTE;2022/11;Ejecutado;50440996
CORPORATIVO;GERENCIA DE CLIENTE;ACOMPAÑAMIENTO CON EL CLIENTE;2022/12;Ejecutado;120843680
CORPORATIVO;GERENCIA DE CLIENTE;ADMINISTRACIÓN CLIENTE;2022/01;Ejecutado;43472302,99
CORPORATIVO;GERENCIA DE CLIENTE;ADMINISTRACIÓN CLIENTE;2022/02;Ejecutado;11238642,59
CORPORATIVO;GERENCIA DE CLIENTE;ADMINISTRACIÓN CLIENTE;2022/03;Ejecutado;11713768,15
CORPORATIVO;GERENCIA DE CLIENTE;ADMINISTRACIÓN CLIENTE;2022/04;Ejecutado;13348263,06
CORPORATIVO;GERENCIA DE CLIENTE;ADMINISTRACIÓN CLIENTE;2022/05;Ejecutado;13836857,53
CORPORATIVO;GERENCIA DE CLIENTE;ADMINISTRACIÓN CLIENTE;2022/06;Ejecutado;15530674,02
CORPORATIVO;GERENCIA DE CLIENTE;ADMINISTRACIÓN CLIENTE;2022/07;Ejecutado;14311195,3
CORPORATIVO;GERENCIA DE CLIENTE;ADMINISTRACIÓN CLIENTE;2022/08;Ejecutado;13990702,03
CORPORATIVO;GERENCIA DE CLIENTE;ADMINISTRACIÓN CLIENTE;2022/09;Ejecutado;12186440,7
CORPORATIVO;GERENCIA DE CLIENTE;ADMINISTRACIÓN CLIENTE;2022/10;Ejecutado;13984884,13
CORPORATIVO;GERENCIA DE CLIENTE;ADMINISTRACIÓN CLIENTE;2022/11;Ejecutado;16870894
CORPORATIVO;GERENCIA DE CLIENTE;ADMINISTRACIÓN CLIENTE;2022/12;Ejecutado;14971228
CORPORATIVO;GERENCIA DE CLIENTE;CANALES DE ATENCIÓN;2022/01;Ejecutado;920895378,9
CORPORATIVO;GERENCIA DE CLIENTE;CANALES DE ATENCIÓN;2022/02;Ejecutado;441527380,1
CORPORATIVO;GERENCIA DE CLIENTE;CANALES DE ATENCIÓN;2022/03;Ejecutado;660742965,9
CORPORATIVO;GERENCIA DE CLIENTE;CANALES DE ATENCIÓN;2022/04;Ejecutado;663338534,6
CORPORATIVO;GERENCIA DE CLIENTE;CANALES DE ATENCIÓN;2022/05;Ejecutado;591642265,3
CORPORATIVO;GERENCIA DE CLIENTE;CANALES DE ATENCIÓN;2022/06;Ejecutado;708203850,2
CORPORATIVO;GERENCIA DE CLIENTE;CANALES DE ATENCIÓN;2022/07;Ejecutado;684852942,1
CORPORATIVO;GERENCIA DE CLIENTE;CANALES DE ATENCIÓN;2022/08;Ejecutado;624834243
CORPORATIVO;GERENCIA DE CLIENTE;CANALES DE ATENCIÓN;2022/09;Ejecutado;802363608,7
CORPORATIVO;GERENCIA DE CLIENTE;CANALES DE ATENCIÓN;2022/10;Ejecutado;845026025,1
CORPORATIVO;GERENCIA DE CLIENTE;CANALES DE ATENCIÓN;2022/11;Ejecutado;678633975
CORPORATIVO;GERENCIA DE CLIENTE;CANALES DE ATENCIÓN;2022/12;Ejecutado;1165669617
CORPORATIVO;GERENCIA DE CLIENTE;CENTRO DE EXPERIENCIA;2022/01;Ejecutado;929595200,9
CORPORATIVO;GERENCIA DE CLIENTE;CENTRO DE EXPERIENCIA;2022/02;Ejecutado;21386328,92
CORPORATIVO;GERENCIA DE CLIENTE;CENTRO DE EXPERIENCIA;2022/03;Ejecutado;21073880,59
CORPORATIVO;GERENCIA DE CLIENTE;CENTRO DE EXPERIENCIA;2022/04;Ejecutado;56111537,87
CORPORATIVO;GERENCIA DE CLIENTE;CENTRO DE EXPERIENCIA;2022/05;Ejecutado;38892855,63
CORPORATIVO;GERENCIA DE CLIENTE;CENTRO DE EXPERIENCIA;2022/06;Ejecutado;106000308,3
CORPORATIVO;GERENCIA DE CLIENTE;CENTRO DE EXPERIENCIA;2022/07;Ejecutado;82345110,59
CORPORATIVO;GERENCIA DE CLIENTE;CENTRO DE EXPERIENCIA;2022/08;Ejecutado;26798857,8
CORPORATIVO;GERENCIA DE CLIENTE;CENTRO DE EXPERIENCIA;2022/09;Ejecutado;23199845,72
CORPORATIVO;GERENCIA DE CLIENTE;CENTRO DE EXPERIENCIA;2022/10;Ejecutado;53571152,5
CORPORATIVO;GERENCIA DE CLIENTE;CENTRO DE EXPERIENCIA;2022/11;Ejecutado;39464667
CORPORATIVO;GERENCIA DE CLIENTE;CENTRO DE EXPERIENCIA;2022/12;Ejecutado;197234279
CORPORATIVO;GERENCIA DE CLIENTE;CONOCIMIENTO DEL CLIENTE;2022/01;Ejecutado;19584358,86
CORPORATIVO;GERENCIA DE CLIENTE;CONOCIMIENTO DEL CLIENTE;2022/02;Ejecutado;14725136,19
CORPORATIVO;GERENCIA DE CLIENTE;CONOCIMIENTO DEL CLIENTE;2022/03;Ejecutado;10922464,69
CORPORATIVO;GERENCIA DE CLIENTE;CONOCIMIENTO DEL CLIENTE;2022/04;Ejecutado;9777318,801
CORPORATIVO;GERENCIA DE CLIENTE;CONOCIMIENTO DEL CLIENTE;2022/05;Ejecutado;10095180,43
CORPORATIVO;GERENCIA DE CLIENTE;CONOCIMIENTO DEL CLIENTE;2022/06;Ejecutado;20758910,86
CORPORATIVO;GERENCIA DE CLIENTE;CONOCIMIENTO DEL CLIENTE;2022/07;Ejecutado;25452946,01
CORPORATIVO;GERENCIA DE CLIENTE;CONOCIMIENTO DEL CLIENTE;2022/08;Ejecutado;8194516,722
CORPORATIVO;GERENCIA DE CLIENTE;CONOCIMIENTO DEL CLIENTE;2022/09;Ejecutado;5021942,3
CORPORATIVO;GERENCIA DE CLIENTE;CONOCIMIENTO DEL CLIENTE;2022/10;Ejecutado;12356620,46
CORPORATIVO;GERENCIA DE CLIENTE;CONOCIMIENTO DEL CLIENTE;2022/11;Ejecutado;6070812
CORPORATIVO;GERENCIA DE CLIENTE;CONOCIMIENTO DEL CLIENTE;2022/12;Ejecutado;13332176
CORPORATIVO;GERENCIA DE CLIENTE;VENTA INTEGRAL;2022/01;Ejecutado;86434276,25
CORPORATIVO;GERENCIA DE CLIENTE;VENTA INTEGRAL;2022/02;Ejecutado;12716363,24
CORPORATIVO;GERENCIA DE CLIENTE;VENTA INTEGRAL;2022/03;Ejecutado;11827938,86
CORPORATIVO;GERENCIA DE CLIENTE;VENTA INTEGRAL;2022/04;Ejecutado;13707819,22
CORPORATIVO;GERENCIA DE CLIENTE;VENTA INTEGRAL;2022/05;Ejecutado;15128454,08
CORPORATIVO;GERENCIA DE CLIENTE;VENTA INTEGRAL;2022/06;Ejecutado;15529290,28
CORPORATIVO;GERENCIA DE CLIENTE;VENTA INTEGRAL;2022/07;Ejecutado;11589543,64
CORPORATIVO;GERENCIA DE CLIENTE;VENTA INTEGRAL;2022/08;Ejecutado;11862430,57
CORPORATIVO;GERENCIA DE CLIENTE;VENTA INTEGRAL;2022/09;Ejecutado;13202674,59
CORPORATIVO;GERENCIA DE CLIENTE;VENTA INTEGRAL;2022/10;Ejecutado;12615382,6
CORPORATIVO;GERENCIA DE CLIENTE;VENTA INTEGRAL;2022/11;Ejecutado;11194433
CORPORATIVO;GERENCIA DE CLIENTE;VENTA INTEGRAL;2022/12;Ejecutado;29822809
FINANCIAMIENTO Y ALIANZAS;ADMON FINANCIAMIENTO;ADMINISTRACIÓN FINANCIAMIENTO Y ALIANZAS;2022/01;Ejecutado;42659386,08
FINANCIAMIENTO Y ALIANZAS;ADMON FINANCIAMIENTO;ADMINISTRACIÓN FINANCIAMIENTO Y ALIANZAS;2022/02;Ejecutado;30960751,87
FINANCIAMIENTO Y ALIANZAS;ADMON FINANCIAMIENTO;ADMINISTRACIÓN FINANCIAMIENTO Y ALIANZAS;2022/03;Ejecutado;24792061,38
FINANCIAMIENTO Y ALIANZAS;ADMON FINANCIAMIENTO;ADMINISTRACIÓN FINANCIAMIENTO Y ALIANZAS;2022/04;Ejecutado;25312634,39
FINANCIAMIENTO Y ALIANZAS;ADMON FINANCIAMIENTO;ADMINISTRACIÓN FINANCIAMIENTO Y ALIANZAS;2022/05;Ejecutado;34052912,25
FINANCIAMIENTO Y ALIANZAS;ADMON FINANCIAMIENTO;ADMINISTRACIÓN FINANCIAMIENTO Y ALIANZAS;2022/06;Ejecutado;52861229,75
FINANCIAMIENTO Y ALIANZAS;ADMON FINANCIAMIENTO;ADMINISTRACIÓN FINANCIAMIENTO Y ALIANZAS;2022/07;Ejecutado;50375838,68
FINANCIAMIENTO Y ALIANZAS;ADMON FINANCIAMIENTO;ADMINISTRACIÓN FINANCIAMIENTO Y ALIANZAS;2022/08;Ejecutado;25124526,41
FINANCIAMIENTO Y ALIANZAS;ADMON FINANCIAMIENTO;ADMINISTRACIÓN FINANCIAMIENTO Y ALIANZAS;2022/09;Ejecutado;162407212,1
FINANCIAMIENTO Y ALIANZAS;ADMON FINANCIAMIENTO;ADMINISTRACIÓN FINANCIAMIENTO Y ALIANZAS;2022/10;Ejecutado;31908827,61
FINANCIAMIENTO Y ALIANZAS;ADMON FINANCIAMIENTO;ADMINISTRACIÓN FINANCIAMIENTO Y ALIANZAS;2022/11;Ejecutado;-11058552
FINANCIAMIENTO Y ALIANZAS;ADMON FINANCIAMIENTO;ADMINISTRACIÓN FINANCIAMIENTO Y ALIANZAS;2022/12;Ejecutado;397130735
FINANCIAMIENTO Y ALIANZAS;CONVENIOS Y ALIANZAS;CONVENIOS Y ALIANZAS;2022/01;Ejecutado;26660435,47
FINANCIAMIENTO Y ALIANZAS;CONVENIOS Y ALIANZAS;CONVENIOS Y ALIANZAS;2022/02;Ejecutado;24710331,15
FINANCIAMIENTO Y ALIANZAS;CONVENIOS Y ALIANZAS;CONVENIOS Y ALIANZAS;2022/03;Ejecutado;24067220,42
FINANCIAMIENTO Y ALIANZAS;CONVENIOS Y ALIANZAS;CONVENIOS Y ALIANZAS;2022/04;Ejecutado;23158800,38
FINANCIAMIENTO Y ALIANZAS;CONVENIOS Y ALIANZAS;CONVENIOS Y ALIANZAS;2022/05;Ejecutado;24290888,54
FINANCIAMIENTO Y ALIANZAS;CONVENIOS Y ALIANZAS;CONVENIOS Y ALIANZAS;2022/06;Ejecutado;22868126,23
FINANCIAMIENTO Y ALIANZAS;CONVENIOS Y ALIANZAS;CONVENIOS Y ALIANZAS;2022/07;Ejecutado;33239887,79
FINANCIAMIENTO Y ALIANZAS;CONVENIOS Y ALIANZAS;CONVENIOS Y ALIANZAS;2022/08;Ejecutado;23545758,13
FINANCIAMIENTO Y ALIANZAS;CONVENIOS Y ALIANZAS;CONVENIOS Y ALIANZAS;2022/09;Ejecutado;28513068,69
FINANCIAMIENTO Y ALIANZAS;CONVENIOS Y ALIANZAS;CONVENIOS Y ALIANZAS;2022/10;Ejecutado;89711512,78
FINANCIAMIENTO Y ALIANZAS;CONVENIOS Y ALIANZAS;CONVENIOS Y ALIANZAS;2022/11;Ejecutado;54868502
FINANCIAMIENTO Y ALIANZAS;CONVENIOS Y ALIANZAS;CONVENIOS Y ALIANZAS;2022/12;Ejecutado;106417420
FINANCIAMIENTO Y ALIANZAS;CREDITO SOCIAL;ADMON CREDITO;2022/01;Ejecutado;310901940,4
FINANCIAMIENTO Y ALIANZAS;CREDITO SOCIAL;ADMON CREDITO;2022/02;Ejecutado;348420095,4
FINANCIAMIENTO Y ALIANZAS;CREDITO SOCIAL;ADMON CREDITO;2022/03;Ejecutado;288357654,6
FINANCIAMIENTO Y ALIANZAS;CREDITO SOCIAL;ADMON CREDITO;2022/04;Ejecutado;288101622,8
FINANCIAMIENTO Y ALIANZAS;CREDITO SOCIAL;ADMON CREDITO;2022/05;Ejecutado;302655650,5
FINANCIAMIENTO Y ALIANZAS;CREDITO SOCIAL;ADMON CREDITO;2022/06;Ejecutado;292141156,8
FINANCIAMIENTO Y ALIANZAS;CREDITO SOCIAL;ADMON CREDITO;2022/07;Ejecutado;298826782,1
FINANCIAMIENTO Y ALIANZAS;CREDITO SOCIAL;ADMON CREDITO;2022/08;Ejecutado;325761199,1
FINANCIAMIENTO Y ALIANZAS;CREDITO SOCIAL;ADMON CREDITO;2022/09;Ejecutado;550733341,4
FINANCIAMIENTO Y ALIANZAS;CREDITO SOCIAL;ADMON CREDITO;2022/10;Ejecutado;290731372,2
FINANCIAMIENTO Y ALIANZAS;CREDITO SOCIAL;ADMON CREDITO;2022/11;Ejecutado;448761713
FINANCIAMIENTO Y ALIANZAS;CREDITO SOCIAL;ADMON CREDITO;2022/12;Ejecutado;545534991
FINANCIAMIENTO Y ALIANZAS;CREDITO SOCIAL;CREDITO SOCIAL;2022/01;Ejecutado;111957461,2
FINANCIAMIENTO Y ALIANZAS;CREDITO SOCIAL;CREDITO SOCIAL;2022/02;Ejecutado;98521843,75
FINANCIAMIENTO Y ALIANZAS;CREDITO SOCIAL;CREDITO SOCIAL;2022/03;Ejecutado;102695900,5
FINANCIAMIENTO Y ALIANZAS;CREDITO SOCIAL;CREDITO SOCIAL;2022/04;Ejecutado;169838330,9
FINANCIAMIENTO Y ALIANZAS;CREDITO SOCIAL;CREDITO SOCIAL;2022/05;Ejecutado;151128780,7
FINANCIAMIENTO Y ALIANZAS;CREDITO SOCIAL;CREDITO SOCIAL;2022/06;Ejecutado;227592277,7
FINANCIAMIENTO Y ALIANZAS;CREDITO SOCIAL;CREDITO SOCIAL;2022/07;Ejecutado;161553894
FINANCIAMIENTO Y ALIANZAS;CREDITO SOCIAL;CREDITO SOCIAL;2022/08;Ejecutado;196306639,6
FINANCIAMIENTO Y ALIANZAS;CREDITO SOCIAL;CREDITO SOCIAL;2022/09;Ejecutado;228868259,8
FINANCIAMIENTO Y ALIANZAS;CREDITO SOCIAL;CREDITO SOCIAL;2022/10;Ejecutado;152145602
FINANCIAMIENTO Y ALIANZAS;CREDITO SOCIAL;CREDITO SOCIAL;2022/11;Ejecutado;226587007
FINANCIAMIENTO Y ALIANZAS;CREDITO SOCIAL;CREDITO SOCIAL;2022/12;Ejecutado;433218871
FINANCIAMIENTO Y ALIANZAS;OPERADOR;MI PLANILLA;2022/01;Ejecutado;47283079,27
FINANCIAMIENTO Y ALIANZAS;OPERADOR;MI PLANILLA;2022/02;Ejecutado;104654851,4
FINANCIAMIENTO Y ALIANZAS;OPERADOR;MI PLANILLA;2022/03;Ejecutado;35489237,61
FINANCIAMIENTO Y ALIANZAS;OPERADOR;MI PLANILLA;2022/04;Ejecutado;49011189,88
FINANCIAMIENTO Y ALIANZAS;OPERADOR;MI PLANILLA;2022/05;Ejecutado;67515000,46
FINANCIAMIENTO Y ALIANZAS;OPERADOR;MI PLANILLA;2022/06;Ejecutado;52796179,62
FINANCIAMIENTO Y ALIANZAS;OPERADOR;MI PLANILLA;2022/07;Ejecutado;48149643,62
FINANCIAMIENTO Y ALIANZAS;OPERADOR;MI PLANILLA;2022/08;Ejecutado;43461802,85
FINANCIAMIENTO Y ALIANZAS;OPERADOR;MI PLANILLA;2022/09;Ejecutado;69358621,88
FINANCIAMIENTO Y ALIANZAS;OPERADOR;MI PLANILLA;2022/10;Ejecutado;46434112,09
FINANCIAMIENTO Y ALIANZAS;OPERADOR;MI PLANILLA;2022/11;Ejecutado;50787186
FINANCIAMIENTO Y ALIANZAS;OPERADOR;MI PLANILLA;2022/12;Ejecutado;88988938
SALUD;ASEGURAMIENTO SALUD;ADMINISTRACION EPS;2022/01;Ejecutado;1023975691
SALUD;ASEGURAMIENTO SALUD;ADMINISTRACION EPS;2022/02;Ejecutado;348060988,1
SALUD;ASEGURAMIENTO SALUD;ADMINISTRACION EPS;2022/03;Ejecutado;370850051,9
SALUD;ASEGURAMIENTO SALUD;ADMINISTRACION EPS;2022/04;Ejecutado;393700001,2
SALUD;ASEGURAMIENTO SALUD;ADMINISTRACION EPS;2022/05;Ejecutado;339642867,7
SALUD;ASEGURAMIENTO SALUD;ADMINISTRACION EPS;2022/06;Ejecutado;323480914,2
SALUD;ASEGURAMIENTO SALUD;ADMINISTRACION EPS;2022/07;Ejecutado;314458849,4
SALUD;ASEGURAMIENTO SALUD;ADMINISTRACION EPS;2022/08;Ejecutado;347862836
SALUD;ASEGURAMIENTO SALUD;ADMINISTRACION EPS;2022/09;Ejecutado;813750539,8
SALUD;ASEGURAMIENTO SALUD;ADMINISTRACION EPS;2022/10;Ejecutado;330804420,6
SALUD;ASEGURAMIENTO SALUD;ADMINISTRACION EPS;2022/11;Ejecutado;362721533
SALUD;ASEGURAMIENTO SALUD;ADMINISTRACION EPS;2022/12;Ejecutado;873307829
SALUD;ASEGURAMIENTO SALUD;CONTRIBUTIVO NO POS;2022/03;Ejecutado;66
SALUD;ASEGURAMIENTO SALUD;CONTRIBUTIVO NO POS;2022/04;Ejecutado;-1,603024023
SALUD;ASEGURAMIENTO SALUD;CONTRIBUTIVO NO POS;2022/07;Ejecutado;86
SALUD;ASEGURAMIENTO SALUD;CONTRIBUTIVO NO POS;2022/08;Ejecutado;38,36452144
SALUD;ASEGURAMIENTO SALUD;CONTRIBUTIVO NO POS;2022/09;Ejecutado;186,8145654
SALUD;ASEGURAMIENTO SALUD;CONTRIBUTIVO NO POS;2022/10;Ejecutado;65,66728009
SALUD;ASEGURAMIENTO SALUD;CONTRIBUTIVO NO POS;2022/11;Ejecutado;276
SALUD;ASEGURAMIENTO SALUD;CONTRIBUTIVO NO POS;2022/12;Ejecutado;21
SALUD;ASEGURAMIENTO SALUD;PLAN COMPLEMENTARIO CONVENIOS;2022/03;Ejecutado;131
SALUD;ASEGURAMIENTO SALUD;PLAN COMPLEMENTARIO CONVENIOS;2022/04;Ejecutado;-2,206048046
SALUD;ASEGURAMIENTO SALUD;PLAN COMPLEMENTARIO CONVENIOS;2022/07;Ejecutado;173
SALUD;ASEGURAMIENTO SALUD;PLAN COMPLEMENTARIO CONVENIOS;2022/08;Ejecutado;77,72904289
SALUD;ASEGURAMIENTO SALUD;PLAN COMPLEMENTARIO CONVENIOS;2022/09;Ejecutado;373,6291307
SALUD;ASEGURAMIENTO SALUD;PLAN COMPLEMENTARIO CONVENIOS;2022/10;Ejecutado;128,3345602
SALUD;ASEGURAMIENTO SALUD;PLAN COMPLEMENTARIO CONVENIOS;2022/11;Ejecutado;554
SALUD;ASEGURAMIENTO SALUD;PLAN COMPLEMENTARIO CONVENIOS;2022/12;Ejecutado;43
SALUD;ASEGURAMIENTO SALUD;PLAN COMPLEMENTARIO INDIVIDUAL;2022/01;Ejecutado;42591072,45
SALUD;ASEGURAMIENTO SALUD;PLAN COMPLEMENTARIO INDIVIDUAL;2022/02;Ejecutado;48182720,35
SALUD;ASEGURAMIENTO SALUD;PLAN COMPLEMENTARIO INDIVIDUAL;2022/03;Ejecutado;52868561,18
SALUD;ASEGURAMIENTO SALUD;PLAN COMPLEMENTARIO INDIVIDUAL;2022/04;Ejecutado;60620434,06
SALUD;ASEGURAMIENTO SALUD;PLAN COMPLEMENTARIO INDIVIDUAL;2022/05;Ejecutado;58424575,14
SALUD;ASEGURAMIENTO SALUD;PLAN COMPLEMENTARIO INDIVIDUAL;2022/06;Ejecutado;58139949,75
SALUD;ASEGURAMIENTO SALUD;PLAN COMPLEMENTARIO INDIVIDUAL;2022/07;Ejecutado;50176677
SALUD;ASEGURAMIENTO SALUD;PLAN COMPLEMENTARIO INDIVIDUAL;2022/08;Ejecutado;62269902,96
SALUD;ASEGURAMIENTO SALUD;PLAN COMPLEMENTARIO INDIVIDUAL;2022/09;Ejecutado;64757733,75
SALUD;ASEGURAMIENTO SALUD;PLAN COMPLEMENTARIO INDIVIDUAL;2022/10;Ejecutado;64391190,81
SALUD;ASEGURAMIENTO SALUD;PLAN COMPLEMENTARIO INDIVIDUAL;2022/11;Ejecutado;63637011
SALUD;ASEGURAMIENTO SALUD;PLAN COMPLEMENTARIO INDIVIDUAL;2022/12;Ejecutado;102733992
SALUD;CONVENIOS SALUD;INMUNIZACION;2022/01;Ejecutado;22205261,55
SALUD;CONVENIOS SALUD;INMUNIZACION;2022/02;Ejecutado;20512448,33
SALUD;CONVENIOS SALUD;INMUNIZACION;2022/03;Ejecutado;41133261,18
SALUD;CONVENIOS SALUD;INMUNIZACION;2022/04;Ejecutado;6646348,724
SALUD;CONVENIOS SALUD;INMUNIZACION;2022/05;Ejecutado;6330669,393
SALUD;CONVENIOS SALUD;INMUNIZACION;2022/06;Ejecutado;4775294,168
SALUD;CONVENIOS SALUD;INMUNIZACION;2022/07;Ejecutado;-19133029,1
SALUD;CONVENIOS SALUD;INMUNIZACION;2022/08;Ejecutado;1144310,069
SALUD;CONVENIOS SALUD;INMUNIZACION;2022/09;Ejecutado;899194,9929
SALUD;CONVENIOS SALUD;INMUNIZACION;2022/10;Ejecutado;1788948,772
SALUD;CONVENIOS SALUD;INMUNIZACION;2022/11;Ejecutado;2285659
SALUD;CONVENIOS SALUD;INMUNIZACION;2022/12;Ejecutado;4518403
SALUD;PRESTACION SALUD;ADMINISTRACION IPS;2022/01;Ejecutado;7538112,991
SALUD;PRESTACION SALUD;ADMINISTRACION IPS;2022/02;Ejecutado;13622436
SALUD;PRESTACION SALUD;ADMINISTRACION IPS;2022/03;Ejecutado;20211994,86
SALUD;PRESTACION SALUD;ADMINISTRACION IPS;2022/04;Ejecutado;-6069612,417
SALUD;PRESTACION SALUD;ADMINISTRACION IPS;2022/05;Ejecutado;10740352,26
SALUD;PRESTACION SALUD;ADMINISTRACION IPS;2022/06;Ejecutado;30353918,05
SALUD;PRESTACION SALUD;ADMINISTRACION IPS;2022/07;Ejecutado;37179255,76
SALUD;PRESTACION SALUD;ADMINISTRACION IPS;2022/08;Ejecutado;-10891690,45
SALUD;PRESTACION SALUD;ADMINISTRACION IPS;2022/09;Ejecutado;33637725,98
SALUD;PRESTACION SALUD;ADMINISTRACION IPS;2022/10;Ejecutado;11126023,97
SALUD;PRESTACION SALUD;ADMINISTRACION IPS;2022/11;Ejecutado;29128977
SALUD;PRESTACION SALUD;ADMINISTRACION IPS;2022/12;Ejecutado;51065844
SALUD;PRESTACION SALUD;APOYO DIAGNOSTICO;2022/01;Ejecutado;2030980,159
SALUD;PRESTACION SALUD;APOYO DIAGNOSTICO;2022/02;Ejecutado;1541567,963
SALUD;PRESTACION SALUD;APOYO DIAGNOSTICO;2022/03;Ejecutado;4425192,413
SALUD;PRESTACION SALUD;APOYO DIAGNOSTICO;2022/04;Ejecutado;2196826,406
SALUD;PRESTACION SALUD;APOYO DIAGNOSTICO;2022/05;Ejecutado;2105315,637
SALUD;PRESTACION SALUD;APOYO DIAGNOSTICO;2022/06;Ejecutado;2877856,039
SALUD;PRESTACION SALUD;APOYO DIAGNOSTICO;2022/07;Ejecutado;2444444,88
SALUD;PRESTACION SALUD;APOYO DIAGNOSTICO;2022/08;Ejecutado;8988730,931
SALUD;PRESTACION SALUD;APOYO DIAGNOSTICO;2022/09;Ejecutado;4143398,707
SALUD;PRESTACION SALUD;APOYO DIAGNOSTICO;2022/10;Ejecutado;1460516,981
SALUD;PRESTACION SALUD;APOYO DIAGNOSTICO;2022/11;Ejecutado;2027858
SALUD;PRESTACION SALUD;APOYO DIAGNOSTICO;2022/12;Ejecutado;8343836
SALUD;PRESTACION SALUD;CENTRAL DE URGENCIAS;2022/03;Ejecutado;66
SALUD;PRESTACION SALUD;CENTRAL DE URGENCIAS;2022/04;Ejecutado;-1,603024023
SALUD;PRESTACION SALUD;CENTRAL DE URGENCIAS;2022/07;Ejecutado;86
SALUD;PRESTACION SALUD;CENTRAL DE URGENCIAS;2022/08;Ejecutado;38,36452144
SALUD;PRESTACION SALUD;CENTRAL DE URGENCIAS;2022/09;Ejecutado;6649606,299
SALUD;PRESTACION SALUD;CENTRAL DE URGENCIAS;2022/10;Ejecutado;626234,6673
SALUD;PRESTACION SALUD;CENTRAL DE URGENCIAS;2022/11;Ejecutado;276
SALUD;PRESTACION SALUD;CENTRAL DE URGENCIAS;2022/12;Ejecutado;21
SALUD;PRESTACION SALUD;CIRUGIA;2022/01;Ejecutado;6392326,1
SALUD;PRESTACION SALUD;CIRUGIA;2022/02;Ejecutado;8466853,423
SALUD;PRESTACION SALUD;CIRUGIA;2022/03;Ejecutado;10240711,83
SALUD;PRESTACION SALUD;CIRUGIA;2022/04;Ejecutado;6517751,158
SALUD;PRESTACION SALUD;CIRUGIA;2022/05;Ejecutado;8694133,948
SALUD;PRESTACION SALUD;CIRUGIA;2022/06;Ejecutado;23829851,54
SALUD;PRESTACION SALUD;CIRUGIA;2022/07;Ejecutado;11097406,61
SALUD;PRESTACION SALUD;CIRUGIA;2022/08;Ejecutado;11008498,3
SALUD;PRESTACION SALUD;CIRUGIA;2022/09;Ejecutado;29176788,17
SALUD;PRESTACION SALUD;CIRUGIA;2022/10;Ejecutado;8126567,433
SALUD;PRESTACION SALUD;CIRUGIA;2022/11;Ejecutado;6939847
SALUD;PRESTACION SALUD;CIRUGIA;2022/12;Ejecutado;17316152
SALUD;PRESTACION SALUD;CPAP - BPAP;2022/01;Ejecutado;143265,5098
SALUD;PRESTACION SALUD;CPAP - BPAP;2022/02;Ejecutado;115459,2196
SALUD;PRESTACION SALUD;CPAP - BPAP;2022/03;Ejecutado;102442,1378
SALUD;PRESTACION SALUD;CPAP - BPAP;2022/04;Ejecutado;158784,4386
SALUD;PRESTACION SALUD;CPAP - BPAP;2022/05;Ejecutado;261474,0254
SALUD;PRESTACION SALUD;CPAP - BPAP;2022/06;Ejecutado;1488412,507
SALUD;PRESTACION SALUD;CPAP - BPAP;2022/07;Ejecutado;839966,2062
SALUD;PRESTACION SALUD;CPAP - BPAP;2022/08;Ejecutado;224582,2652
SALUD;PRESTACION SALUD;CPAP - BPAP;2022/09;Ejecutado;1184024,247
SALUD;PRESTACION SALUD;CPAP - BPAP;2022/10;Ejecutado;305235,9552
SALUD;PRESTACION SALUD;CPAP - BPAP;2022/11;Ejecutado;133807
SALUD;PRESTACION SALUD;CPAP - BPAP;2022/12;Ejecutado;204843
SALUD;PRESTACION SALUD;ESTERILIZACION;2022/01;Ejecutado;2628996,501
SALUD;PRESTACION SALUD;ESTERILIZACION;2022/02;Ejecutado;1667888,874
SALUD;PRESTACION SALUD;ESTERILIZACION;2022/03;Ejecutado;3867528,978
SALUD;PRESTACION SALUD;ESTERILIZACION;2022/04;Ejecutado;2206860,325
SALUD;PRESTACION SALUD;ESTERILIZACION;2022/05;Ejecutado;1376778,27
SALUD;PRESTACION SALUD;ESTERILIZACION;2022/06;Ejecutado;7287914,888
SALUD;PRESTACION SALUD;ESTERILIZACION;2022/07;Ejecutado;3742388,413
SALUD;PRESTACION SALUD;ESTERILIZACION;2022/08;Ejecutado;4939661,041
SALUD;PRESTACION SALUD;ESTERILIZACION;2022/09;Ejecutado;7182005,5
SALUD;PRESTACION SALUD;ESTERILIZACION;2022/10;Ejecutado;3132383,405
SALUD;PRESTACION SALUD;ESTERILIZACION;2022/11;Ejecutado;3182289
SALUD;PRESTACION SALUD;ESTERILIZACION;2022/12;Ejecutado;9171695
SALUD;PRESTACION SALUD;INMUNIZACION;2022/01;Ejecutado;6381087,109
SALUD;PRESTACION SALUD;INMUNIZACION;2022/02;Ejecutado;6362755,139
SALUD;PRESTACION SALUD;INMUNIZACION;2022/03;Ejecutado;6567414,444
SALUD;PRESTACION SALUD;INMUNIZACION;2022/04;Ejecutado;2711875,405
SALUD;PRESTACION SALUD;INMUNIZACION;2022/05;Ejecutado;6808200,27
SALUD;PRESTACION SALUD;INMUNIZACION;2022/06;Ejecutado;12467444,5
SALUD;PRESTACION SALUD;INMUNIZACION;2022/07;Ejecutado;5022468,667
SALUD;PRESTACION SALUD;INMUNIZACION;2022/08;Ejecutado;6359634,447
SALUD;PRESTACION SALUD;INMUNIZACION;2022/09;Ejecutado;8931171,045
SALUD;PRESTACION SALUD;INMUNIZACION;2022/10;Ejecutado;3669269,429
SALUD;PRESTACION SALUD;INMUNIZACION;2022/11;Ejecutado;3299106
SALUD;PRESTACION SALUD;INMUNIZACION;2022/12;Ejecutado;16489180
SALUD;PRESTACION SALUD;LABORATORIO CLINICO;2022/01;Ejecutado;21929336,51
SALUD;PRESTACION SALUD;LABORATORIO CLINICO;2022/02;Ejecutado;21635554,54
SALUD;PRESTACION SALUD;LABORATORIO CLINICO;2022/03;Ejecutado;22610341,8
SALUD;PRESTACION SALUD;LABORATORIO CLINICO;2022/04;Ejecutado;22626045,63
SALUD;PRESTACION SALUD;LABORATORIO CLINICO;2022/05;Ejecutado;27929029,75
SALUD;PRESTACION SALUD;LABORATORIO CLINICO;2022/06;Ejecutado;63565042,78
SALUD;PRESTACION SALUD;LABORATORIO CLINICO;2022/07;Ejecutado;25440968,68
SALUD;PRESTACION SALUD;LABORATORIO CLINICO;2022/08;Ejecutado;35866425,24
SALUD;PRESTACION SALUD;LABORATORIO CLINICO;2022/09;Ejecutado;100375819,4
SALUD;PRESTACION SALUD;LABORATORIO CLINICO;2022/10;Ejecutado;27731940,67
SALUD;PRESTACION SALUD;LABORATORIO CLINICO;2022/11;Ejecutado;25886953
SALUD;PRESTACION SALUD;LABORATORIO CLINICO;2022/12;Ejecutado;40152587
SALUD;PRESTACION SALUD;OTROS IPS;2022/01;Ejecutado;1427,81066
SALUD;PRESTACION SALUD;OTROS IPS;2022/02;Ejecutado;-1374,038471
SALUD;PRESTACION SALUD;OTROS IPS;2022/03;Ejecutado;3008,569189
SALUD;PRESTACION SALUD;OTROS IPS;2022/04;Ejecutado;1207,12604
SALUD;PRESTACION SALUD;OTROS IPS;2022/05;Ejecutado;1437,18484
SALUD;PRESTACION SALUD;OTROS IPS;2022/06;Ejecutado;755,9541801
SALUD;PRESTACION SALUD;OTROS IPS;2022/07;Ejecutado;927,2788383
SALUD;PRESTACION SALUD;OTROS IPS;2022/08;Ejecutado;834,0580094
SALUD;PRESTACION SALUD;OTROS IPS;2022/09;Ejecutado;1191,382727
SALUD;PRESTACION SALUD;OTROS IPS;2022/10;Ejecutado;762,9416749
SALUD;PRESTACION SALUD;OTROS IPS;2022/11;Ejecutado;972
SALUD;PRESTACION SALUD;OTROS IPS;2022/12;Ejecutado;756
SALUD;PRESTACION SALUD;PATOLOGIA;2022/01;Ejecutado;2508139,758
SALUD;PRESTACION SALUD;PATOLOGIA;2022/02;Ejecutado;2030285,927
SALUD;PRESTACION SALUD;PATOLOGIA;2022/03;Ejecutado;3433473,611
SALUD;PRESTACION SALUD;PATOLOGIA;2022/04;Ejecutado;2296403,601
SALUD;PRESTACION SALUD;PATOLOGIA;2022/05;Ejecutado;3769998,45
SALUD;PRESTACION SALUD;PATOLOGIA;2022/06;Ejecutado;9379752,107
SALUD;PRESTACION SALUD;PATOLOGIA;2022/07;Ejecutado;2904207,215
SALUD;PRESTACION SALUD;PATOLOGIA;2022/08;Ejecutado;3185471,508
SALUD;PRESTACION SALUD;PATOLOGIA;2022/09;Ejecutado;17518330,54
SALUD;PRESTACION SALUD;PATOLOGIA;2022/10;Ejecutado;4494912,819
SALUD;PRESTACION SALUD;PATOLOGIA;2022/11;Ejecutado;2541463
SALUD;PRESTACION SALUD;PATOLOGIA;2022/12;Ejecutado;10250607
SALUD;PRESTACION SALUD;SALUD EMPRESARIAL Y OCUPACIONAL;2022/01;Ejecutado;3620356,387
SALUD;PRESTACION SALUD;SALUD EMPRESARIAL Y OCUPACIONAL;2022/02;Ejecutado;6137328,414
SALUD;PRESTACION SALUD;SALUD EMPRESARIAL Y OCUPACIONAL;2022/03;Ejecutado;6145220,933
SALUD;PRESTACION SALUD;SALUD EMPRESARIAL Y OCUPACIONAL;2022/04;Ejecutado;3871495,486
SALUD;PRESTACION SALUD;SALUD EMPRESARIAL Y OCUPACIONAL;2022/05;Ejecutado;4711572,147
SALUD;PRESTACION SALUD;SALUD EMPRESARIAL Y OCUPACIONAL;2022/06;Ejecutado;11760478,02
SALUD;PRESTACION SALUD;SALUD EMPRESARIAL Y OCUPACIONAL;2022/07;Ejecutado;5678724,944
SALUD;PRESTACION SALUD;SALUD EMPRESARIAL Y OCUPACIONAL;2022/08;Ejecutado;5107562,974
SALUD;PRESTACION SALUD;SALUD EMPRESARIAL Y OCUPACIONAL;2022/09;Ejecutado;12134284,5
SALUD;PRESTACION SALUD;SALUD EMPRESARIAL Y OCUPACIONAL;2022/10;Ejecutado;5152841,692
SALUD;PRESTACION SALUD;SALUD EMPRESARIAL Y OCUPACIONAL;2022/11;Ejecutado;3810820
SALUD;PRESTACION SALUD;SALUD EMPRESARIAL Y OCUPACIONAL;2022/12;Ejecutado;8238805
SALUD;PRESTACION SALUD;SALUD ORAL;2022/01;Ejecutado;42820639,91
SALUD;PRESTACION SALUD;SALUD ORAL;2022/02;Ejecutado;41074108,48
SALUD;PRESTACION SALUD;SALUD ORAL;2022/03;Ejecutado;54276475,34
SALUD;PRESTACION SALUD;SALUD ORAL;2022/04;Ejecutado;57519608,1
SALUD;PRESTACION SALUD;SALUD ORAL;2022/05;Ejecutado;60692613,89
SALUD;PRESTACION SALUD;SALUD ORAL;2022/06;Ejecutado;89785506,73
SALUD;PRESTACION SALUD;SALUD ORAL;2022/07;Ejecutado;51999158,36
SALUD;PRESTACION SALUD;SALUD ORAL;2022/08;Ejecutado;76610464,03
SALUD;PRESTACION SALUD;SALUD ORAL;2022/09;Ejecutado;116649630,7
SALUD;PRESTACION SALUD;SALUD ORAL;2022/10;Ejecutado;59092225,52
SALUD;PRESTACION SALUD;SALUD ORAL;2022/11;Ejecutado;56379458
SALUD;PRESTACION SALUD;SALUD ORAL;2022/12;Ejecutado;100508723
SALUD;PRESTACION SALUD;SERVICIOS AMBULATORIOS MEDICOS - SAM;2022/01;Ejecutado;126618815,4
SALUD;PRESTACION SALUD;SERVICIOS AMBULATORIOS MEDICOS - SAM;2022/02;Ejecutado;119174181,7
SALUD;PRESTACION SALUD;SERVICIOS AMBULATORIOS MEDICOS - SAM;2022/03;Ejecutado;154163936,5
SALUD;PRESTACION SALUD;SERVICIOS AMBULATORIOS MEDICOS - SAM;2022/04;Ejecutado;118670013,4
SALUD;PRESTACION SALUD;SERVICIOS AMBULATORIOS MEDICOS - SAM;2022/05;Ejecutado;142474794,7
SALUD;PRESTACION SALUD;SERVICIOS AMBULATORIOS MEDICOS - SAM;2022/06;Ejecutado;246225755,2
SALUD;PRESTACION SALUD;SERVICIOS AMBULATORIOS MEDICOS - SAM;2022/07;Ejecutado;135773891,1
SALUD;PRESTACION SALUD;SERVICIOS AMBULATORIOS MEDICOS - SAM;2022/08;Ejecutado;231771508
SALUD;PRESTACION SALUD;SERVICIOS AMBULATORIOS MEDICOS - SAM;2022/09;Ejecutado;418874374,8
SALUD;PRESTACION SALUD;SERVICIOS AMBULATORIOS MEDICOS - SAM;2022/10;Ejecutado;134826959,2
SALUD;PRESTACION SALUD;SERVICIOS AMBULATORIOS MEDICOS - SAM;2022/11;Ejecutado;130566856
SALUD;PRESTACION SALUD;SERVICIOS AMBULATORIOS MEDICOS - SAM;2022/12;Ejecutado;277207146
SALUD;PRESTACION SALUD;SUMINISTROS;2022/01;Ejecutado;292414,8024
SALUD;PRESTACION SALUD;SUMINISTROS;2022/02;Ejecutado;295259,2368
SALUD;PRESTACION SALUD;SUMINISTROS;2022/03;Ejecutado;241015,4284
SALUD;PRESTACION SALUD;SUMINISTROS;2022/04;Ejecutado;498043,888
SALUD;PRESTACION SALUD;SUMINISTROS;2022/05;Ejecutado;372109,1505
SALUD;PRESTACION SALUD;SUMINISTROS;2022/06;Ejecutado;594959,2915
SALUD;PRESTACION SALUD;SUMINISTROS;2022/07;Ejecutado;384618,9212
SALUD;PRESTACION SALUD;SUMINISTROS;2022/08;Ejecutado;379944,1024
SALUD;PRESTACION SALUD;SUMINISTROS;2022/09;Ejecutado;1024141,419
SALUD;PRESTACION SALUD;SUMINISTROS;2022/10;Ejecutado;396298,7134
SALUD;PRESTACION SALUD;SUMINISTROS;2022/11;Ejecutado;397643
SALUD;PRESTACION SALUD;SUMINISTROS;2022/12;Ejecutado;465174
